TeluguNumber,EnglishTitle,TamilNumber,TamilTitle,HindiNumber,HindiTitle
1,Dustula allochana choppuna,1,"துன்மார்க்கருடைய ஆலோசனையில் நடவாமலும்,",1,"यहोवा प्रभु मेरे, भूमि आकाश में,"
2,Anyajanulela lechi galathu,2,ஜாதிகள் கொந்தளித்து ஜனங்கள்,2,मुबारक ! मुबारक !
3,Yehovaa maa prabhuvaa bhoomi,3,என் நீதியின் தேவனே நான் கூப்பிடுகையில்,3,"हे यहोवा, हे बल मेरे, सदा है सच्चे मार्ग तेरे ;"
4,Stutinthun stutinthun naa kaalochana,4,"கர்த்தாவே என் வார்த்தைகட்குச் செவிகொடும்,",4,"यहोवा मेरा चरवाहा है, (2)"
5,Yehovaa Naa Balamaa,5,கர்த்தாவே உம்முடைய கோபத்திலென்னைக்,5,"तू ही यहोवा मेरा चरवाहा, (2)"
6,Yaakobu devudaapada kaalambula,6,"எங்கள் ஆண்டவராகிய கர்த்தாவே,",6,"यहोवा चरवाहा मेरा, कोई घटी मुझे नहीं है ;"
7,Naadu devaa naadu devaa,7,கர்த்தாவே யார் உம்முடைய,7,"यीशु मेरा चरवाहा है मैं उसका गुण गाता हूँ ,"
8,Yehovaa naa kaapari,8,துதிப்பேன் துதிப்பேன்,8,प्रभु यीशु राजा है
9,Neeve Yehovaa naa kaaparivi,9,கர்த்தாவே என் பெலனே,9,"सुबह शाम और हर समय प्रभूजी,"
10,Yehovaa naa kaapari naaku lemi ledu,10,கர்த்தாவே என் கன்மலையுமென் கோட்டையும்,10,"हे प्रभु यहोवा सर्वदा,"
11,Yesu prabhoo kapari naaku,11,"வானங்கள் தேவ மகிமையை வெளிப்படுத்துகிறது,",11,"धन्य है वह जिसके क्षमा हुए अपराध,"
12,Bhoomiyu daani sampoornatha lokamu,12,"கர்த்தர் ஆபத்து நாளில் ஜெபத்தைக் கேட்பாராக,",12,"सदा प्रभु को धन्य कहूँ मैं,"
13,Devaa nee mukhamunu naaku,13,"என் தேவனே, என் தேவனே,",13,"हे यहोवा तू अद्भुत है, (2)"
14,Udaya saayanthramula nella velala prabhuvaa,14,கர்த்தர் எந்தன் மேய்ப்பராக இருக்கிறார்;,14,"राजकुमारी तू सुन,(2)"
15,Yehovaa naa devaa nityamu,15,கர்த்தர் என் மேய்ப்பராக இருக்கிறார்.,15,"शरण स्थान और बल हमारा,"
16,Yavvani athikramamulu mannimpabaduno,16,கர்த்தர் என் மேய்ப்பரே,16,"हे देश देश के सब लोगों, तालियाँ बजाओ,"
17,Sannuthinthu neppudehovaanu,17,கர்த்தர் எனக்கித்தரையில் உத்தம மேய்ப்பரே,17,"परमेश्वर अपने पवित्र नगर,"
18,Pillalara na mata vinudi,18,பூமியும் நிறைவும் உலகமும் அதிலுள்ள,18,सारे लोगों यीशु की जय जय मिलके गाओ; (2)
19,Vyasana padakumu-neevu,19,காலையும் மாலை எவ்வேளையும்,19,"रहेगा नाम सदा बना मसीह का,"
20,Yohovaa nee kopamu cheta,20,உமது முகத்தை எனக்கு,20,परमेश्वर यहुदा में जाना गया है; (2)
21,Yehovaa koraku sahanamutho,21,பலவான்களின் புத்திரரே,21,"जय गाओ प्रभु की वही बल है, याकूब के परमेश्वर की करो जय जय,"
22,Neeti vaagula koraku duppi,22,என் தேவனாகிய கர்த்தாவே,22,"हे सेनाओं के यहोवा, निवास तेरे प्रिय हैं,"
23,Nee velugu nee satyamu bayalu,23,"எவனுடைய மீறுதல் மன்னிக்கப்பட்டதோ,",23,"हे प्रभु तू ही पीढ़ी से ... धाम हमारा सदा बना है,"
24,Kumaari aalakinchu - nee vaalochinchi,24,"எவனுடைய மீறுதல் மன்னிக்கப்பட்டதோ,",24,"पीढी से पीढ़ी ... तू ही यहोवा, बना हमारा है धाम  (2)"
25,Devude mana kaashrayamunu,25,"கர்த்தரை எப்போதும் ஸ்தோத்திரிப்பேன்,",25,"परम प्रधान के स्थानों में, जो बैठा रहेगा;"
26,Sarva janulaaraa chappatlu kotti paadudi,26,"பொல்லாதவர்களைக் குறித்து எரிச்சலடையாதே,",26,"यहोवा का धन्यवाद है करना कैसा भला, (2)"
27,Mana devuni pattana mandaayana,27,கர்த்தாவே உமது கோபத்தில் என்னைக்,27,"यहोवा के लिए गाऍं,"
28,Sarva Janulaaraa vinudi,28,"கர்த்தருக்காகப் பொறுமையுடன் காத்திருந்தேன்,",28,यहोवा के लिए नया गीत गाओ; (2)
29,Yehovaa naa devaa,29,மானானது நீரோடைகளை வாஞ்சித்துக் கதறுவது போல்,29,"यहोवा का जय जयकार हे सारी पृथ्वी करो,"
30,Devaa naa devudavu neeve,30,வெளிச்சத்தையும் சத்தியத்தையும்,30,"हे सारी पृथ्वी के लोगों, यहोवा की स्तुति तुम करो,"
31,Sarvaloka nivaasu laara,31,என் தேவனாகிய கர்த்தாவே 2,31,"मेरे आत्मा ! प्रभु को धन्य कह ! जो कुछ मुझ में है उसके नामको,"
32,Nee maargamu devaa,32,குமாரத்தியே கேள்—நீ உன் செவியைச்,32,"स्तुति प्रभु की, करो स्तुति प्रभु की ... तुम"
33,Kristuni naamamu nityamu nilchun,33,தேவன் நமக்கடைக்கலமும் பெலனும்,33,"बहती नदियों को यहोवा बियावान बनाता है,"
34,Yoodaalo devudu prasiddhudu,34,"சகல ஜனங்களே கைகொட்டி ஆர்ப்பரியுங்கள்,",34,"हे ईश्वर मेरा हृदय, स्थिर है मै गाऊँगा ;"
35,Devuniki morra pettudunu elugeththi,35,கர்த்தர் பெரியவர் அவர் நமது,35,"स्तुति करो तुम याह की (२), तुम स्तुति करो  (2)"
36,Mana balamaina yaakobu devuniki,36,ஜனங்களே இதைக் கேளுங்கள்,36,"हजारों रूपयों और मुहरों से भली, (2)"
37,Sainyamula Yehovaa,37,தேவனே உமது—கிருபையின்படி,37,"जब लोगों ने कहा मैं हुआ प्रसन्न, (2)"
38,Prabhu selavitchu daani naala kintunu,38,தேவாதி தேவனே,38,"यहोवा के सेवकों स्तुति करो,"
39,Prabhuvaa thara tharamula nundi,39,"தேவனை நோக்கிக் கூப்பிடுவேன்,",39,यहोवा की स्तुति करो की वह भला है
40,Devaa thara tharamulaku,40,தேவனே நீரே என் தேவன் அதி,40,"यहोवा अनुग्रहकारी ... और दयालु भी है,"
41,Mahonnathuni chaatuna vasinchu vaade,41,பூமியின் குடிகளே நீங்கள் எல்லாரும் பாடுங்கள்,41,"हे ईश्वर मेरे राजा, मैं तुझ को सराहूँगा; (2)"
42,Sarvannathuni chaatuna nivasinchedi,42,"தேவனே பூமியிலே உம்முடைய வழியும்,",42,"हे प्रभावशाली तू ईश्वर,"
43,Yehovaanu stutinchuta manchidi,43,"கிறிஸ்துவின் நாமம் என்றென்றைக்கும் இருக்கும்,",43,"हल्लेलूयाह, स्तुति करो हरदम ... यहोवा की  (2)"
44,Randi yehovaanu goorchi,44,யூதாவில் தேவன் அறியப்பட்டவ் —இஸ்ர,44,"ईश्वर की स्तुति, तुम करो, स्तुति गाना है भला"
45,Yehovaa meeda kroththa keertana,45,நம் பெலனாகிய தேவனைப் பாடுங்கள்,45,"स्तुति करो याह की स्वर्ग निवासियों,"
46,Samastha deshamulaaraa andaru paadudi,46,சேனைகளின் கர்த்தாவே உமது வாசஸ்தலங்கள்,46,"याह की स्तुति, स्तुति ईश्वर की, सूर्य और चन्द्रमा,"
47,Samastha janulaaraa meeru,47,கர்த்தராகிய தேவன் விளம்புவதைக் கேட்பேன்;,47,"स्तुति करो तुम, स्तुति करो, (2)"
48,Stutiyinchu - prabhun stutiyinchu,48,எங்களுக்குத் தலைமுறை,48,"यहोवा की स्तुति सब गाएँ, गाएँ,"
49,Vaaraayananu jana samaajamulo,49,தேவரீர் தலைமுறையாகவே,49,"यहोवा के लिए एक नया गीत गाओ,"
50,Devaa naa hrudayamu,50,உன்னதமானவரின்,50,रब्ब की होवे सना हमेशा ...
51,Stutintun devuni sabhalo,51,உன்னதமானவரின் மறைவிலிருக்கிறவன்,51,"हल्लेलूयाह ! यीशु प्रभु,s1.तुम सब स्तुति करो ;"
52,Yehovaa nee yokka maata,52,கர்த்தரைத் துதிப்பதும் உன்னதமானவரே உமது,52,"दुखों में सदा तेरी यहोवा सुने दुआ,"
53,Naa shramalo Yehovaaku moraliditini,53,கர்த்தரைக் கெம்பீரமாய்ப் பாடி,53,मेरे खुदा ! मेरे खुदा ! ... तू ने मुझे छोड़ दिया ? (2)
54,Kondala thattu kanuleththu,54,கர்த்தருக்குப் புதுப்பாட்டைப் பாடுங்கள்.,54,"यहोवा अपने मुख को, मुझ से छिपा न रखो,"
55,Yehovaa mandiramunaku velludamani,55,பூமியின் குடிகளே எல்லாரும் பாடுங்கள்,55,"झिड़के क्यों तू कोप में ... मुझ को ऐ खुदा,"
56,Yehovaa illu kattinchani yedala,56,"சகல ஜனங்களே எல்லாரும்,",56,मैं धीरज से आशा रखके ... यहोवा की करता था इन्ति्जारी ;
57,Yehovaa agaadha stalamula lonundi,57,"இரக்கத்தையும் நியாயத்தையும் குறித்துப்பாடுவேன்,",57,प्यास में हांफें जैसे हरणी पानी के लिए (2)
58,Sahodarulu yaikyata kalgi,58,என் ஆத்துமாவே கர்த்தரை ஸ்தோத்திரி,58,"अपनी ज्योति, अपनी सच्चाई ... प्रकट अब होने दे ; (2)"
59,Yehovaa sevakulaaraa stutinchudi,59,என் ஆத்துமாவே கர்த்தரை ஸ்தோத்திரி,59,"दया करके हे प्रभु ... पाप मिटा सब मेरे,"
60,Yehovaanu stutinchudi aayana,60,"ஜனங்களின் சபையிலே கர்த்தரை உயர்த்தி,",60,ढूंढूँगा मैं यत्न से ... तू ही है मेरा ईश्वर  (2)
61,Yehovaa neevu nannu parisheelinchi,61,தேவனே என் இருதயம்,61,ईश्वर हम पर अनुग्रह करे ... आशीष हम को देवे ;
62,Yehovaa andarikini mahopakaarundu,62,துதிப்பேன் கர்த்தரைச் சபையில்,62,"चिल्ला चिल्ला कर यहोवा की दोहाई दूंगा,"
63,Oh naadu yesu Raajaa,63,"எங்களுக்கல்ல கர்த்தாவே எங்களுக்கல்ல,",63,मैं कान लगाकर सु्नूंगा ... यहोवा क्या कहे ; (2)
64,Halleluya naa pranamaa,64,ஜாதிகளே எல்லாரும் கர்த்தரைத் துதியுங்கள்,64,संकट में मैंने प्रभु से विनती की  (2)
65,Devuniki stotramu gaanamu,65,கர்த்தரைத் துதியுங்கள் அவர் நல்லவர்,65,"आँखें पर्वत की तरफ लगाऊँ, ... मदद कहाँ से अपनी मैं पाऊँ ?"
66,Stutiyinchu daayana naakasha vaasulaaraa,66,கர்த்தரின் வேதத்தின்படி நடக்கும்,66,हे यहोवा गहरे स्थानों से ... तुझ को मैंने पुकारा है ;
67,Stutinchudi yehovaa devuni surya,67,கர்த்தாவே உமது வசனத்தின்படி,67,हे यहोवा तू ने मुझ को ... जाँचकर जान लिया है  (2)
68,Yehovaaku stutulu paadandi - meeru samaja,68,ஒத்தாசை வரும் பர்வதங்களுக்கே,68,"यहोवा तू ने मुझ को, जाँच परख कर जान लिया है,"
69,Yehovaaku krotha keerthana,69,கர்த்தரின் ஆலயத்திற்குப்,69,"मुबारक है जो मानता न सलाह शरीरों की, (2)"
70,Devuni stutiyinchudi,70,சீயோனின் சிறையிருப்பைக் கர்த்தர் திருப்பும்போது,70,"जाति जाति को लोग,"
71,Halleluyaa yesu prabhun,71,கர்த்தர் வீட்டைக் கட்டாராகில்,71,"आओ बच्चों, सुनों, मैं सुनाऊँ,"
72,Stutinchudi meeru stutinchudi,72,கர்த்தருக்குப் பயந்து—அல்லேலூயா,72,"कुडकुडाना न कभी ... तू ... कुकर्मियों का काम देखकर,"
73,Siyonuku thirigi prabhuvu,73,கர்த்தருக்குப் பயந்து,73,"सब देश के निवासियों, तुम कान लगाकर सुनो"
74,Yehova na stuti kadaruda,74,கர்த்தாவே ஆழங்களிலிருந்தும்மை,74,हे यहोवा तू मेरा शरण स्थान है ;
75,Ni rekkala catuna saranondedan,75,இதோ சகோதரர் ஒருமித்து,75,"सिय्योन की बन्धुवाई को, लौटा ले आया जब प्रभु ;"
76,Adyantha rahithudavagu maajyothi,76,கர்த்தரின் ஊழியக்காரரே அவரின்,76,"यदि यहोवा घर न बनाए,"
77,Stutinchudi stutinchudi aayana,77,கர்த்தரைத் துதியுங்கள் அவர் நல்லவர்,77,"देख क्या है भली बात यह है ... और खूब मनोहर भी, (2)"
78,Aadi yantamu leni vaadaa,78,"தலைச்சன்களைச் சங்கரித்தவரைத் துதியுங்கள்,",78,"आदि और अन्त है तू जग की ज्योति, चरणों में तेरे आते हम,"
79,Calvariloni shreshtudaa - karunaa bharitha,79,"பெரும் ராஜாக்களைச் சங்கரித்தவரைத் துதியுங்கள்,",79,"यहोवा परमेश्वर महिमा तुम्हारी हो,"
80,Naa priya yesu neeve naa,80,கர்த்தாவே நீர் என்னை ஆராய்ந்திருக்கிறீர்,80,"यहोवा महान और स्तुति के योग्य है,"
81,Parishudda parishudda parishudda prabhuvaa,81,ஆண்டவரே என் உள்ளத்தை,81,"महान ईश्वर, अति उत्तम, पवित्र जो, सदा स्थिर है,"
82,Mangalame yesunaku - manujaavatharunaku,82,கர்த்தாவே என் ஜெபத்தைக் கேளும்,82,"हे प्रभु तू महान है,"
83,Sundara rakshakudaa,83,"காலையில் கிருபையைக் கேட்கப்பண்ணும்,",83,"तू ही महान प्रभु है,"
84,Stotrintumu ninu maadu thandri,84,என் தேவனாகிய ராஜா உம்மையே நான் துதிப்பேன்,84,"हे प्रभु तू ही तो धन्य है,"
85,Kristu yesu dayaalu prabhu,85,கர்த்தர் மிகுந்த இரக்கமும்,85,"ऊँचा गढ् है प्रभु मेरा, तारण्हार तू मेरा आश्रय है"
86,Yesu parishudda naamamunaku,86,அல்லேலூயா என் ஆத்துமாவே கர்த்தரைத் துதி,86,सुनदर रक्षक मेरे ! प्रभु . . . अपने लोहू से मुझ को तू धे ले ;
87,Yesu samasina silva chentha,87,தேவனைத் துதிப்பதும்,87,"सारे स्वर्गीय दूतगण, आराधना करते, कहते प्रभु यहोवा पवित्र,"
88,Sannutintumu ninne,88,"துதியுங்கள் வானங்களில் உள்ளவைகளே,",88,"पवित्र, पवित्र, पवित्र, प्रभु है,"
89,Yehovaanu gaanamu chesedamu,89,வானங்களிலுள்ள சூரிய சந்திரரே,89,"करूणामय प्रभु, पवित्र है तू, स्तुति तेरी करते हैं,"
90,Aanada maananda mayenu,90,துதியுங்கள் நீங்கள் துதியுங்கள் 2,90,"पवित्र प्रभुजी मेरे, स्तुति हो उद्धार के लिए"
91,Saagilapadi mrokkedamu,91,அல்லேலூயா கர்த்தருக்குப்,91,"पवित्र प्रभु यीशु प्रणाम हो तुझे,"
92,Yehovaa mohonnathudaa,92,அல்லேலூயா கர்த்தரையே ஏகமாய்த் துதியுங்கள்,92,"स्तुति, महिमा, भक्ति, आदर, युग युग तेरे हैं ;"
93,Aashinchumu prabhu,93,தேவனைத் துதியுங்கள் அல்லேலூயா,93,"गाएँगे हम तेरी स्तुति हे प्रभु महान,"
94,Priya yesu priya yesu,94,"முற்றிலும் அழகானவர்,",94,परम पिता की हम स्तुति गाएँ ...
95,Idigo nee raaju vachchu chunde,95,முட் கீரிடம் பூண்ட நாதனார்,95,परम पवित्र स्वर्गीय पिता ; (2)
96,Sharanam sharanam sharanam devaa,96,"ஆ மேசியாவே, வாரும் தாவீதின் மா மைந்தா!",96,"भजने आए हैं पिताजी . . . आत्मा सच्चाई से तुझ को, (2)"
97,Saagilapadi aaraadhinchedamu,97,"தூய, தூய, தூயரே! த்ரியேக தேவா,",97,"यहोवा का भजन गाओ, गाओ,"
98,Yesu thrupti parachitivi,98,ஆதியும் அந்தமுமில்லாத ஜோதி,98,"स्तुति करें, प्रशंसा करें,"
99,Parama pavitra swargapitha,99,அவருடைய பரிசுத்த ஸ்தலத்தில்,99,"आओ भजें उसको, प्रचार करें, प्रणाम करें,"
100,Yesu madhura naamamu,100,ஆதியந்த மில்லோனே!,100,"आओ हम भजेंजे प्यारे यीशु को,"
101,Sarvonnatha stalambulo,101,சுந்தர இரட்சகனே—எங்கள்,101,"आओ करें साष्टांग प्रणाम,"
102,Prabhuni smarinchu,102,தொழுகிறோம் எங்கள் பிதாவே,102,"अपने प्रभु की बड़ाई करके,"
103,Harshintunu Harshintunu,103,இயேசு என்ற திரு நாமத்திற்கு,103,"जीवन दिया है परमेश्वर,"
104,Naa praana priyudaa,104,கர்த்தர் எந்தன் பெலனும் கீதமுமானவர்,104,"हे जग त्राता, विश्व बिधाता, दिया है अनमोल दान,"
105,Deva devuni koniyaadedamu,105,பணிந்து பாடிப் போற்றுவோம்,105,हे प्रभु तेरा अनुग्रह है ... बड़े धन से यह हुआ है
106,Madhura madhuramu yesu,106,சரணம் சரணம் சரணம் தேவா கருணை நாயகா,106,"हम सब मिलकर यीशुजी की स्तुति करते हैं,"
107,Parishuddha prabhu yesu,107,"பரிசுத்தர், பரிசுத்தர், பரிசுத்தரே",107,तारणहार जगत का प्रभु यीशु ... दूतों का परमेश्वर प्रभु यीशु ;
108,Jai Jai Jai Jai raajula raajaa,108,உன்னத மானவரான தேவனுக்கே மகிமை,108,"सर्वशक्तिमान मेरा ... सब कुछ वही है,"
109,Yehovaaku paadudi paatan,109,தேவனைத் தியானஞ்செய்,109,"शरण, शरण, शरण प्रभु करुणामय तू है ;"
110,Yesunaadha thriloka naadha,110,என் ஆத்ம நேசா இயேசு ராஜா,110,शान्तिदाता प्रभु यीशु की शान्त मन्दिर में हो स्तुति
111,Sarvashakhtudu naaku,111,மதுரமுள்ள நாமம் —இயேசுவின்,111,"दाऊद वंश के ख्रीस्त यीशु की ... स्तुति प्रशंसा हो,"
112,Prabho needu mahimanu paadi,112,"ஜேய், ஜேய், ஜேய், ஜேய் ராஜாதி ராஜா",112,"अम सब स्तुति करेंगे ... आशीषें देता याह ही,"
113,Oh yesu nee prema entho,113,கர்த்தரைக்கீர்த்தனம் பண்ணும் அவர்,113,"ख्रीष्ट यीशु, दयालु प्रभु ... तू ही है सृजनहार,"
114,O premagala yesu,114,"தேவா தேவா திரிலோக நாதா,",114,ख्रीष्ट यीशु सबका प्रभु है ... परमेश्वर भी वह है
115,Halleluya paadudi,115,வல்ல கிறிஸ்து இயேசு எல்லாமானவர்,115,महिमा से तू जो भरा हुआ ... ज्योति में सदा रहनेवाला ;
116,Nene unnavaada nanina,116,தேவனே உமது மகிமையைப் பாடி,116,"राजाओं का राजा, प्रभुओं का प्रभु,"
117,Vandanamo vandana mesayyaa,117,கர்த்தாவே உம் மகத்துவம் (2),117,"जय जय यीशु, राजा जय जय,"
118,Arpinthu stutul nee,118,வந்தனம் செய்யுங்கள் பிரபு இயேசுவுக்கு 2,118,"जय, जय, जय, जय राजाधिराजा,"
119,Santoshame santoshame,119,"கொண்டாடி, பாடி கீதங்களால்",119,"हृदय का राजा जय यीशु नाम,"
120,Raatrimbavallu paadedanu,120,ஓ கருணைநாதா மகாராஜா இயேசு,120,"प्रशंसा गाके मैं स्तुति करूँ,"
121,Shanthi daayaka Yesu prabhoo,121,எத்தனை நாவால் பாடுவேன்,121,आओ उस के मन्दिर में यहोवा प्रभु की करो स्तुति ; (2)
122,Hrudaya marpinchedamu,122,எல்லாருக்கும் மா உன்னத,122,"स्तुति करो प्यारो स्तुति सर्वदा, करो प्यारो स्तुति सर्वदा"
123,Aananda maananada maanandame,123,நல் மீட்பர் இயேசு நாமமே,123,"प्रभुजी के चरणों में, आस लगाओ,"
124,Jai prabhu yesu,124,கண்டேனே காருண்ய முத்தை,124,"प्यारा मसीह, प्यारा मसीह, लाखों में प्यारा मेरा मसीह ;"
125,Prabhuva nee goppa thanamu,125,பக்தரே! அண்ணாந்து பாரும்!,125,मसीह तू मेरा प्यारा है ... तू मेरे दिल का नूर ;
126,Vandanimmu Nimmu Prabhu,126,தெய்வாட்டுக் குட்டிக்கு,126,"बोलो जय जय, बोलो जय जय, प्रभु यीशु की जय,"
127,Oh naa hrudayamaa paadumaa,127,பாவிகளுக்காய் ஜீவனை விட்ட,127,"तू ने कहा, अद्धैत ईश्वर,"
128,Devaa nee thalampulu amoolya,128,யேகோவாவின் மகத்துவம் எவ்வளவு பெரிது 2,128,"हे करूणानिधान तू यीशु महान,"
129,Stutulaku paatrundavu,129,ஆராதிப்போம் வாரும் கர்த்தர் இயேசுவை,129,"महासामर्थी ओ यीशु ! बहुत ही विशाल है तू,"
130,Yesu kristu prabhuvaayane,130,இயேசுவே உந்தன் திருநாமத்தை,130,"प्रभु यीशु तू ही, महिमा स्वरूपी, पूजनीय है"
131,Halleluya stuti prashamsa,131,இயேசுவின் நாமம் இனிதான நாமம்,131,"अनोखा है तू मसीहा, अद्वितीय ईश्वर तू है,"
132,Stotra geetamulanu paaduchu,132,என் தேவனே உம் மகத்வக்கிரியைகள்,132,"सर्वाधिकारी हे प्रभु, तू ही,"
133,Sarva krupaa nidhi yagu,133,அவர் நிழலில் வாஞ்சையுடன் அமர்ந்து,133,"हे प्रभु तू धन्य है,"
134,Mahaa ghanudu mahonnathudu,134,அதிசயமானவரே 2,134,"हे यीशु तेरा प्रेम, कैसा महान है,"
135,Halleluyaa stuti Halleluyaa,135,"ஆத்துமமே, உன் ஆண்டவரின்",135,"ए प्रेमी यीशु तू ने, जो प्यार हम से किया,"
136,Koniyaadi - paadi keertinchi,136,ஆனந்தத்தோடே உம்மை ஆராதிப்,136,यीशु ने मेरे लिए कुर्बानी चढ़ाई  (2)
137,Devaa naa yandu neeku,137,"ஓ ஆபிரகாம் ஈசாக்கு, இஸ்ரவேலின் தேவா",137,"प्रेमी ईश्वर प्रेम तू है, प्रेम तेरा सच्चा है"
138,Adyantha rahitha prabhuvaa,138,கர்த்தராகிய இயேசுவின் நாமம்,138,"प्रेमी विश्वास योग्य परमेश्वर पिता, दिया अपने पुत्र को,"
139,Nrupaa vimochaka prabhu,139,காட்டு மரங்களின் நடுவில்,139,"वन्दन है, वन्दन है यीशु,"
140,Sri rakshakuni namamu,140,சேராபீன்கள் கூட்டம் ஆராதனை செய்து,140,"वन्दना करो, प्रभु यीशु की (2), जय जयकार करो  (2)"
141,Rakshakuni vichitra preman,141,"மா மாட்சி கர்த்தர் சாஷ்டாங்கம் செய்வோம்,",141,"सीस नवाए प्रभु वन्दन करते,"
142,Yesuni naama shabdamu,142,வாரும் தேவா வானவ ராஜா,142,चढ़ाता हूँ मैं धन्यवाद प्रभु ... क्रूस के उस प्रेम के लिए ;
143,Kontini goppa mutyamu,143,வாழ்த்துவோமே வாழ்த்துவோமே,143,हल्लेलूयाह ! स्तुति प्रशंसा गाऊँगा
144,Bhaktulara dhukka krantudu,144,"விண்ணோர்கள் போற்றும் ஆண்டவா,",144,हर समय स्तुति करता रहूँगा
145,Rajadi rajupai kireetamunchudi,145,"வெற்றிகொண்ட சபை பாடும்,",145,"मैं गाऊँगा, हर समय गाऊँगा,"
146,Sarwamupai yesu rajyamelun,146,நிகரில்லா கிறிஸ்தேசுவே,146,"यीशु जी तेरे महान नाम की बड़ाई,"
147,Yesuprabhoo gaddepainunna,147,இயேசு கிறிஸ்துவின் தரிசனமே—இன்று,147,"गाओ, मधुर मधुर यीशु नाम  2"
148,Atyantha sundarundunu,148,ஆராதனை செய்து உம் புகழ்பாடி,148,"मधुर, मधुर, यीशु नाम प्यारा,"
149,Aa mundla kireetam boyenu,149,ஆராதனைகளுக்கு தகுந்தவர் நீர் 2,149,"प्रभु तेरा नाम सुवन्दित गाऊँ, (2)"
150,Namaskarimpa randi,150,எந்தன் ஆத்ம நேசர் எங்கே?,150,"गाऊँगा मैं सुबह शाम,"
151,"Shudhi, Shudhi, Shudhi",151,"கல்வாரியின் தங்கமே,",151,"प्रभु यीशु तेरे पावन नाम की,"
152,Nee jaldaru vrukshapu,152,எந்தன் பிரிய இயேசுவே என் சொந்த ராஜாவே,152,"स्तुति के योग्य तू ही प्रभु,"
153,Yesu nangeekarinchiti daiva,153,கிறிஸ்து இயேசு தயாள பிரபு,153,"तेरी विश्वासयोग्यता प्रभु यीशु,"
154,Devaa naa prabhuvaa ninu goorchi,154,மகிழுவேன் மகிழுவேன்,154,"हे प्रभु तू विश्वासयोग्य सामर्थी है,"
155,Prabhu yesu naakai nee,155,தேவாதி தேவனைத் துதித்திடுவோம்,155,विश्वसयोग्य मेरे प्रभु ... मैं तेरी स्तुति करूँगा
156,Paavanudaa maa prabhuvaa,156,"ஓ இயேசு உமதன்பு எத்தனை பெரியது,",156,"स्तुति हो यीशु तेरी, हल्लेलूयाह ! स्तुति हो यीशु तेरी ; (2)"
157,Yesu nan preminchitivi,157,ஓ அன்புள்ள இயேசுவே நேசித்தீரே எங்களை,157,"हम करेंगे तारीफ खुदा के बेटे की मिलकर,"
158,Prabhuvaa needu ghana,158,அல்லேலூயா பாடுவோம் அல்லேலூயா பாடுவோம் 2,158,मुक्तिदाता यीशु प्रभु स्तुति मैं करूँ ;
159,Prema nammakamugala,159,வந்தனமே வந்தனம் ஏசையா,159,प्रभु तेरी स्तुति करूँ ... तेरी महिमा गाऊँ  (2)
160,O prabhuvaa idi nee,160,சாற்றுவேன் துதி சிலுவையில் நீர்,160,"स्तुति करें यीशुजी की, अति सुन्दर और उत्तम भी है"
161,Prema gala maa,161,சந்தோஷம் சந்தோஷமே,161,"यीशु तेरी दया दृष्टि अधिक है,"
162,Aaraadhincheda ninu madi,162,இருதயத்துடன் துதிப்போமே—நாமே,162,"हृदय भेंट चढ़ाए प्रभु को ... स्तुति प्रशंसा करें,"
163,Ruchi choochi erigitini,163,ஆனந்த மானந்தம் ஆனந்தமே,163,"स्तुति प्रशंसा हे प्रभु, मैं गाऊँ बार बार,"
164,Needu viswasyatha maa,164,ஜேய் பிரபு இயேசு ஜேய் மாதேவா,164,"ओह ! मेरा मन गा रहा है ... गीत नया प्रभु का,"
165,Sannuthinchedanu ellappudu,165,ஓ என் ஆத்துமாவே புதியகீதம்,165,"मेरो मन लागो, 2"
166,Devunike mahima yuga,166,தேவா உம் ஆலோசனைகள்,166,"नये गीत से मेरा हृदय उमडता, यीशु का भजन करूँ,"
167,Aashcharya karuda vive,167,துதிக்கப்படத் தக்கவரே,167,यीशुजी करूँ तुझ से ऐसा अब प्रेम
168,Naa praanamaa naa sarvamaa,168,கிறிஸ்து இயேசுவானவர்,168,"हल्लेलूयाह, हल्लेलूयाह, हल्लेलूयाह, स्तुति,"
169,Gaayamulan gaayamulan,169,சகல கிருபை உள்ளவரே,169,"सभी अनुग्रह का प्रभु ... सब प्राणियों का आनन्द है,"
170,Doota ganamulella aaraadhinchiri,170,மகா கனமுள்ள உன்னதரும்—,170,"स्तुति प्रशंसा करो ... हल्लेलूयाह,"
171,Maa prabhu yesu neeve,171,கர்த்தாவே உம்மை என்றும் நேசிக்கிறேன்,171,"हल्लेलूयाह गायेंगे, हल्लेलूयाह गायेंगे, 2"
172,Pranutinthumu maa Yehovaa,172,போற்றுவேன் என் மீட்பர் அன்பை!,172,ईश्वर की महिमा (2)
173,Asamanundagu oh kristu,173,"எத்தனை இன்பமாய் இயேசுவே உம்மை,",173,"ख्रीष्ट प्रभु जी महिमा तेरी हो,"
174,Ghanatha mahima prabhuke,174,கர்த்தர் இயேசுவைத் துதிப்பது,174,"गीतें गएँ सामर्थ के ... तेरी स्तुति करें,"
175,Stutiyu mahima ghanatha,175,எருசலேமின் வாசல்களே இராஜாவை வரவேற்றிடுங்களே!,175,"दिन में बादल का छाया बना ... रात में अग्नि का ज्वाला बना,"
176,Naa prabhu preminchenu,176,இயேசுவே உந்தன் முகதரிசனத்தால் 2,176,"आदि और अन्त रहित है, हे ईश्वर तू परिपूर्ण है,"
177,Oh prabhu neeve dhanyudavu,177,போற்றித் துதிப்பேன் கர்த்தாவே,177,"गाऊँगा, तेरी स्तुति, हे प्रभु तू महान है,"
178,Ponditini nenu prabhuvaa,178,இரட்சகரே கர்த்தர் இயேசு ஸ்தோத்திரம் தேவா,178,"भर दो प्रभु इस मुँह को, स्तुति के गीतों से,"
179,Andaramu prabhu ninnu,179,தோத்திரம் பாடியே போற்றிடுவேன்,179,"सामर्थी ईश्वर तू, तेरी सामर्थ अपार जो है"
180,Poojaneeyudesu prabhu,180,தேவாதி தேவனையே எல்லாரும்,180,"मनुष्य का चोला धारण कर,"
181,Ne paadeda nityamu,181,"ஸ்தோத்திரம் ஸ்தோதித்திரம்,",181,"जय प्रभु यीशु सृजनहार, ... पापी का तू ही है तारणहार"
182,Pravimaludaa paavanudaa,182,ஸ்தோத்திரம் இயேசுநாதா உமக்கென்றும்,182,"जय जय यीशु, जय जय यीशु,"
183,Vijayundu kristu,183,உண்மையுள்ள என் கர்த்தாவே,183,हम से वर्णनी न जाए ... मसीह तुम्हारी महिमा  (2)
184,Yesu prabhuve saataanu,184,போற்றிப் புகழ்வோம் தேவ மைந்தனை,184,"धन्य प्रभु यीशु को ... मुक्तिदाता जिसका नाम, (2)"
185,Paadedamu nee stutulanu,185,போற்றும் ! போற்றும் !,185,"स्तुति हो उद्धार के लिए ... लोहू से मैं धुल गया,"
186,Prabhuvaina kristu mahimaaswaroopa,186,போற்றிடு ஆன்மமே சிருஷ்டி கர்த்தாவாம் வல்லோரை;,186,"हे पिता परमेश्वर नाम तेरा पवित्र है,"
187,Yesu prabhuni sankalpamulu,187,உன்னதத்தின் பரிசுத்தரே—உம் இரட்சிப்புக்காய் ஸ்தோத்திரங்கள்,187,"प्रभु महान विचारूँ कार्य तेरे ... कितने अद्‍भुत जो तू ने बनाए,"
188,Jayasheeludavagu oh maa,188,இயேசு என்னை நேசித்தார்—பாசத்தோடு இரட்சித்தார்,188,"यीशु के नाम को सब भजें, दूत भी प्रणाम करें ;"
189,Mahaa saamaardya,189,ஜெயம் பாடுவோம் ஜெயம் பாடுவோம்,189,"मसीह में मैं ने पाया है ... एक मोती बहुमोल,"
190,Stutiyu prasamsayu mahimayu,190,அதிகாரம் பெற்றிருக்கிறீர்—நீரே,190,"यीशु नाथ के प्रेम अपार का ... करूँगा मैं स्तुतिगान,"
191,"Oh Abraham, Issaaku",191,அடைக்கலமே உமதடிமை நானே,191,"जो लाखों जीभें मेरी हों ... तो सब नहीं होगी,"
192,Naa priyamaina Yesu prabhu,192,அல்லேலூயா மங்களம்! அல்லேலூயா ஸ்தோத்திரம்,192,"कैसा मधुर यीशु का नाम ... विश्वासियों को है,"
193,Tambura sitaratho,193,அன்புள்ள நேசர் ஏசு; எனக்கெல்லாம் அவரே,193,"गाओ, गाओ ख्रीष्ट यीशु है मुक्तिदाता,"
194,Naa priyudaa paapavimochakudaa,194,அன்புள்ள நேசரின் கிருபை,194,हे महापवित्र ! सर्वशक्तिमान परमेश्वर !
195,Ni mandiramu atisrngaramu,195,ஆண்டவர் இயேசுNவு உமதுண்மை (2),195,"शोभित हो मुकुट से ... मेम्ना सिंहासन पर,"
196,Yesu nike jayam jayamu,196,இதோ உன் ராஜா வருகிறார்,196,"हे ईश्वर तेरे यह विचार, मेरे लिए क्या ही अनमोल है,"
197,Aanandamutho  aaradhinthun,197,"இயேசுவே, உம்மை தியானித்தால்",197,"हे ईश्वर तेरे विचार कैसे अमूल्य हैं मेरे लिए,"
198,Naa manonetramu terachi,198,இயேசுவை என்றும் துதித்திடுவோமே,198,"हे प्रेमी तारणहार, दया तेरी है अपार"
199,Mahima ghanatha stuthi prabavamu,199,இருக்கிறேன் என்றவர்,199,"अमूल्य लोहू से बचे हुए जन, ... प्रतापमय ईश्वर की है सन्तान,"
200,Halleluya padeda,200,உம்பாதம் பணிந்தேன் எந்நாளும் துதியே,200,"आराधना करूँ मैं दिल से भजूँगा, ... सनातन तक तेरी स्तुति करूँगा"
201,Aaraadhanalaku yogyudavu,201,உன்னதத்தின் தூதர்களே ஒன்றாகக் கூடுங்கள்,201,"प्रभु तेरी अनमोल करुणा, नित्य मैं गाऊँगा"
202,Stotrinchedamu daiva,202,எந்தன் நாவில் புதுப்பாட்டு,202,"ईश्वर की दया नित्य रहेगी, उसका अनुग्रह मिलता रहेगा,"
203,Daveedu vamsa yesu,203,என் பாத்திரம் நிரம்பி வழிகிறது,203,"दया, अनुग्रह का प्रभु हमारा, धन्यवाद मैं करूँ"
204,Devaadi devuni bhoo,204,ஏகோபித்துச் சேருங்களேன்,204,"कृपा मेरी तेरे लिये काफी है कहा यीशु,"
205,Stotramu yesu naadhaa,205,கனம் மகிமை கர்த்தருக்கே,205,"यीशु की नित्य हम स्तुति करेंगे, भूमि आकाश का जो सिरजनहारा,"
206,Stutiyinchu priyudaa,206,கேட்பேனே நான் உம் சத்தத்தை,206,"अदभुत् है तेरी आशीष प्रभुजी उण्डेली तू ने,"
207,Stotramu stotramu stotramu,207,துதிசெய் மனமே நிதம் துதிசெய்,207,"प्रभु यीशु में सब प्रकार की, आशीष हमारी है"
208,Nammaka maina naa prabhu,208,துதிக்கப்படத்தக்கவர் நீரே 2,208,"हे प्रभु तेरी परिपूर्णता से, मिलती हमें आशीष भरपूरी से"
209,Rakshakudaa yesu prabho stotramu,209,துதியும் கனமும் மகிமையும் உமக்கே,209,"आशीष के ऊपर आशीष तुझ को दूँगा,"
210,Stotramu paadi pogadedanu,210,துதிப்பேன் இயேசுவின் பாதம்,210,"प्रभु यीशु तू सब में सब कुछ है,"
211,Stutiyinthumu - stotrinthumu,211,துதியுங்கள் சர்வ சேனைகளே நீங்கள்,211,"यीशु प्रभु तेरे चेहरे को देखकर,"
212,Yehovaa mahaatmyamu,212,தேவனுக்கே மகிமை 2,212,"प्यार से तू लेकर आया,"
213,Krupagala devuni koniyaadedamu,213,பரம மகிமைக்காகப் பாடுவேன்,213,"यीशु तू ने किया प्यार, कोई न था तारणहार,"
214,Stuti prashamsha,214,மெய்த் தேவனைத் துதி; பெருநன்மை செய்தார்.,214,"मुझ से प्रेम किया,"
215,Bhajiyimpa randi prabhu,215,"மெய் பக்தர், தாசரே;",215,"मैंने है पाया तुझ से प्रभुजी, ... सब कुछ है उत्तम जो मुझे दिया"
216,Anudinamu maa bharamu,216,ஸ்துதிகனம் புகழ் மகிமையுமக்கே,216,"मेरे लिए प्यारा यीशु सब कुछ किया है,"
217,Bhakhtulaaraa smariyinchedamu,217,ஸ்தோத்திரம் துதி பாத்திரா உம்மை,217,प्रभुजी तेरे बारे में अब ... मेरा हृदय उमण्ड रहा है
218,Yesu prabhuni stutinchuta,218,சீரேசுநாதனை சிரமேற் கொண்டிடுவோம்,218,"चखकर मैं ने जाना है, यहोवा कैसा है भला,"
219,Yesu divya rakshakuni,219,பகலில் மேக ஸ்தம்பமாயிருந்தீர்,219,"प्रति दिन मेरे बोझ को, उठाता है प्रभु,"
220,Prabhu naa devaa,220,இரட்சணியப் பாடல்கள் பாடி,220,"हे प्रबु, भूला भटका दूर मैं,"
221,Prabhaava shaktulu,221,ஜீவனைக் கொடுத்த தேவனே,221,"यीशु तू ने किया निहाल, 2"
222,Yesu prabhoo nee,222,ஜேய் ஜேய் இயேசு ராஜா ஜேய் ஜேய்,222,"सुन ऐ मेरी जान, प्रभु का कामों को न भूल, (2)"
223,Jayamani paadu jayamani,223,கிறிஸ்தே சர்வாதிகாரி,223,"आनन्द है, आनन्द है, आनन्द से मैं स्तुति करूँ,"
224,Oh jagadrakshakaa,224,இருள் நிறைந்த உலகத்திலே,224,"आनन्द, आनन्द, आनन्द है, आनन्द आनन्द है"
225,Krupaathi shayamul,225,மகா ராஜா இயேசு வாழ்க,225,"तेरे सेब वृक्ष की छाया में मैं, अब आनन्द से परिपूर्ण हो गया,"
226,Stutinchu stutinchu,226,ஜெயமென்று பாடுங்கள் சர்வ ஜனமே,226,"प्रभु यीशु में आनन्द हम करते हैं,"
227,Ne sthuthinchedanu yesu namamunu,227,வாழ்க வாழ்க இயேசு நாமமே,227,"भजो मीठा नाम, प्रभु यीशु नाम,"
228,Padeda deva  nee krupalan,228,இரக்கங் கிருபையுள்ள என் தேவா,228,"आओ प्यारो शरण मसीह की,"
229,Yesu namam manoharam,229,ஜெயம் ஜெயமே கூறுங்கள்,229,"दर्शन को आए हैं पिताजी ... बिनती हमारी यह सुन लो,"
230,Entha jaali yesuvaa,230,ஆனந்தமே இப்புவியில் ஆ ஆ ஆ ஆ,230,स्तुति ईश्वर की हम करें ... बीते वर्ष में सम्भाला हमें
231,Shree yesu naadhuni,231,உண்மையும் மகாவல்லமையும் உள்ளவரே,231,"प्रभु ... वर्ष पर तू ... भलाई मुकुट ... धर दिया है,"
232,Devaadi devaa prabhuvul,232,எந்தன் உள்ளம் புதுகவியாலே பொங்க,232,"स्तुति हो स्तुति प्रभु, आ आ"
233,Jai Jai yesu raajaa,233,அனுதினம் எங்கள் பாரத்தை சுமந்திடும் தேவா,233,"स्तुति, प्रशंसा करें, प्रभु यीशु की, आज तक है सम्भाला हमें"
234,Naadu praanamaa,234,பக்தர்களே தியானித்திடுவோம்,234,यहोवा का आनन्द ही दृढ़ गढ़ तुम्हारा है
235,Prabhu ninnu keertinchu,235,எனக்காக யாவற்றையும் செய்பவரே,235,"आज के दिन से आशीष मैं दूँगा,"
236,Jeevambu nitchina,236,என்ன விதமாய்ப் பாடுவேனோ,236,"यहोवा ने कैसे का बड़े किए हैं,"
237,Stotrinchi keertintumu,237,உமதுண்மை மகா பெரியது,237,"यहोवा ने हमारे साथ महान काम किये हैं,"
238,Stotrinchi keertinchedamu,238,போற்றிப் புகழ்ந்திடுவோம் அல்லேலூயா—துதி,238,"प्रभु महान कार्य किया है, हम मिल के प्रशंसा करें,"
239,Maa devaa maa devaa,239,போற்றுவோம் போற்றுவோமே புகழ்,239,"यहोवा ने हम लोगों का जितना उपकार किया है,"
240,Yehovaa goppa kaaryamulu,240,எந்தனுள்ளமே எந்தனுள்ளமே,240,"तुम याद करो सब भक्तों, प्रभु ने क्या क्या किया,"
241,Stutintun parishudduni,241,ஆனந்தமாய் யேகோவா உம் கிருபைகளை,241,"आओ भक्त लोगों हम सब मिलकर,"
242,Prabhu goppa kaaryamulu,242,கர்த்தர் பெரிய காரியங்களைச் செய்தார்,242,"साष्टांग प्रणाम करके भजें हम,"
243,Aanandamugaa Yehovaa Nee Krupaalanni,243,ராஜாதி ராஜா கர்த்தாதி கர்த்தா,243,"यीशु सूलीवाला है, सोने मुखड़ेवाला है,"
244,Devuni keertinchedamu,244,உன்னத தேவன் உன்மேலுள்ள அன்பினால்,244,"महाराजा यीशु तेरी होवे जय जयकारी,"
245,Pagatilo megha stambhamugaa,245,அருணோதயம் எழுந்திடுவோம்,245,"सुनते हैं हम तेरी आवाज, तकत्ते हैं हम तेरे रूप को,"
246,Rakshanya paatalu paadi,246,அன்பும் உண்மையும் உள்ள பரலோக பிதா,246,"चरनी में चमका चमकीला सितारा, (2)"
247,Kruthajnathan thalavanchi,247,அன்புள்ள ஆண்டவரே,247,"बेथलहैम के ऐ छोटे कस्बे, खामोश और सुनसान होते देखा,"
248,Naa korakai anniyu,248,ஆண்டவரே இதுஉம் கிருபையே,248,"अब आओ विश्वासियों, जय जय करते गाओ,"
249,Yehovaa manakoraku,249,ஆனந்தமாய் இன்பக் கானான் ஏகிடுவேன்,249,"सुनों ! दुउतगण गातें हैं ; बालक राजा ख्रिस्त की जय,"
250,Yohovaa kaaryamulannitikai,250,ஆனந்தமாய் நாம் ஆர்ப்பரிப்போமே,250,"जीवन पथ की ज्योति तू क्रूसधारी यीशु,"
251,Poorna hrudaya stotramul,251,ஆஹா என்ன இன்பம் பரலோக இன்பம்,251,"देख, जरा देख, तेरे लिए,"
252,Adavi chetla naduma,252,இம்மட்டும் ஜீவன் தந்த கர்த்தாவை அத்தியந்த,252,"देखो, कलवरी पर यीशु देता अपना प्राण,"
253,Devuni stutincharandi,253,இயேசு நேசிக்கிறார் இயேசு நேசிக்கிறார்;,253,"ऊपर सूली के, ऊपर सूली के, मसीहा जान देता,"
254,Stotramu stotramayyaa devaa,254,உள்ளம் எல்லாம் உருகுதையோ,254,"ईश्वर का ओ मेम्ना, तू चढ़ा था क्रूस के ऊपर,"
255,Deva - Samvathsaramunu,255,எந்தன் பூ மானைக் காண சிந்தை பெருகுதையோ!,255,"""मेरे ईश्वर तू ने मुझे क्यों छोड़ा"", पुकारा क्रूस पर से प्रभु मेरे,"
256,Stutulu nee karpintunu,256,என் தேவனே! உம் கிருபை,256,"घायल हुआ, घायल हुआ, मेरे लिए मसीह घायल हुआ"
257,Prabhuva padedha noka,257,என்னையும் நேசிக்கிறார்—எந்தன்,257,"यीशु प्रभु तू ने सब कुछ मेरे लिए दिया,"
258,Oh bhakhtulaaraa mana,258,"கிருபை, கிருபை, கிருபை—தேவ",258,"यीशु ने सब के लिए ... जीवन बलिदान किया,"
259,Memu bhaya padamu - ika memu,259,கிறிஸ்தேசுவே நீரே என் சர்வமும்,259,"तेरा लोहू तेरा लोहू मुझे शुद्ध करता है,"
260,Bhayamu leduga manaku,260,கோடா கோடி ஸ்தோத்திரம் பாடி,260,"यीशु के लोहू की जय, जय, जय,"
261,Prabhu kristesu neeke,261,சகல நல் ஈவுகளை இவ்வுலகில்,261,"जय बोलो सारे लोगों, यीशु मुक्तिदाता की,"
262,Naa priyudu naavaadu nenu,262,"தெய்வன்புதான் மா இனிமை,",262,"प्रभु यीशु की है जय, क्रूस की शक्ति से हैं जय"
263,Ee Sudinamu-Yesu Prabuva,263,நீர் தந்த நன்மை யாவையும்,263,"बोलो जय मिलकर जय, बोलो जय यीशु की जय,"
264,Sanvatsaradi modalu - sanvatsarantamu,264,நீரோடையை மான் வாஞ்சித்து,264,"आह ! वह प्यारी सलीब, मुझ को दीख पड़ती है,"
265,Deva sutudu yesu,265,பாவத்தில் மரித்து,265,"जिस क्रूस पर यीशु मारा था, उस क्रूस पर ध्यान जब करता हूँ,"
266,Mariyaku sutuduga,266,போற்றிடுவோம் எங்கள் தேவா,266,"कनान देश के एक नगर के पास ... एक पर्वत खड़ा था,"
267,Betlehem puramuna,267,போற்றிடுவோம் போற்றிடுவோம்,267,"गाओ, गाओ, जय गीत गाओ,"
268,O sadbhaktulara loka,268,ருசிபார்த்து அறிந்து கொண்டேன்,268,"ओ ! हल्लेलूयाह बोलो यीशु जीवित हो गया, (2)"
269,Doota paata padudi,269,வாழ்த்துகிறேன் வாழ்த்துகிறேன் வாழ்த்துகிறேன் நான்,269,"आनन्द ही आनन्द है, आहा ! हमें ..."
270,Vintimayya nee swaramu,270,ஜெயவேந்தனான ஆ எந்தன் பிரபுவே,270,"जयवन्त मसीह, जयवन्त हुआ है, जयवन्त सदा रहेगा,"
271,Udayinche divya rakshakudu,271,ஸ்தோத்திரம் ஏசுதேவா…. ஸதுதி கனம் மகிமையே,271,"प्रभु यीशु शैतान के बल को जीत लिया है,"
272,"Niraakaaraa, suroopudaa",272,ஸ்தோத்திரித்திடுவேன் எக்காலமும்,272,"ईश्वर की स्तुति हो, मृत्यु पर जयवन्त है,"
273,Yesuni shramalatoda,273,துதித்துப்பாடிட பாத்திரமே,273,"हे प्रभु तू ही जयवन्त सदा है, जयगीत हम गाते हैं"
274,Manakai yesu maraninche,274,பரம பிதாவே கரமெ கூப்பி,274,"जय प्रभु यीशु जय मुक्तिदाता,"
275,Yesu prabhu naa,275,ஓ பக்தர்களே ஏகமாய் சேர்ந்து,275,"वह कब्र में पड़ा ... ख्रिस्त मेरा त्राता,"
276,Prabhu yesu,276,தேவா வருஷத்தை நன்மையினால் முடிசூட்டுகிறீர்,276,यीशु ख्रिस्त जी उठा है ! हल्लेलूयाह !
277,Nee rakhtame,277,ஆண்டவரைத் துதிக்க வாரும்,277,"अनन्त यीशु की हम स्तुति करें, उसकी सच्चाई के लिए,"
278,Siluvalo baliyaina,278,தோத்திரம் தோத்திரமே—தேவா,278,"प्रभुजी, तू ने हैं की, प्रतिज्ञाएँ हम से,"
279,Adigo calvarilo,279,இத்தனை ஆண்டுகள் கடக்கப் பண்ணின தேவா,279,"पवित्र सिय्योन के वासी, सर्वाधिकारी की महिमा है बड़ी,"
280,Daivatanayaa kristhunadhundaa,280,இயேசுநாதனைப் போற்றிடுவோம் புகழ்ந்து,280,"देखो मैं एक नया काम अब करूँगा जरूर,"
281,Yesuni rakhtame,281,சந்தோஷ கீதம் என்னில் பொங்குதே,281,"हे आकाश, कान लगा अब तू ... कि मैं बोलूंगा,"
282,Yetuvanti yaagambu,282,தேவரீருக்கே மிகத்தோத்திரம் மிகத்தோத்திரம்,282,"आनन्दित, अनादित हूँ मैं, मेरे प्रिय पुत्र मैं प्रसन्न मैं ... आहा"
283,Choodumade nee,283,விசுவாசியே நம் பண்டிகையை,283,"उन दिनों प्रभु का वचन ... दुर्लभ था यहोवा दर्शन,"
284,Jeevapu maargajyotivi,284,தேவகுமாரன் இயேசு பிறந்தார்—என்றும்,284,"वचन जो प्रभु से दिया गया उसके द्वारा,"
285,Yesu chavonde siluvapai,285,மாமரி சுதனாய் மானிலமதிலே,285,"आवाज प्रभु की सुनूंगा, जब वह मुझ से कहे, (2)"
286,Mahatmudaina naa prabhu,286,"பக்தரே, வாரும் ஆசை ஆவலோடும்;",286,"बोल यहोवा सुनता तेरा दास, वाणी अब तू सुना दे,"
287,Calvari guttameedanu,287,கேள் ! ஜென்மித்த ராயர்க்கே,287,"उसकी प्रतिज्ञाओं को विश्वास और धीरज से,"
288,Devaa naa devaa,288,அதோ ! மாட்டுத் தொழுபார்!,288,"खुदा के वायदे नहीं टल सकते, पर कायम वे रहते चट्टान की तरह,"
289,Priyuni siluvanu preminthun,289,இயேசு என் மீட்பர் சண்டாளருக்காய்,289,"रखता हूँ मसीह के वायदों पर ईमान,"
290,Geetam geetam jaya jaya,290,உதித்தாரே திவ்விய ரட்சகனே,290,"आओ, आओ यीशु पास आओ,"
291,Lechinaaduraa samaadhi,291,நள்ளிரவில் தேவ தூதன் நாட்டின் மேய்ப்பருக்கே,291,"आओ जक के लोग सब ही, यीशु राजा बुलाता है  (2)"
292,Sresta geethamu vinabadu,292,"பிறந்தார், பிறந்தார்",292,"प्रेम से यीशु बुलावे ... जल्दी आओ,"
293,Yesu smadhilo,293,இயேசுவின் இரத்தமே ஜெயம் ஜெயமே,293,"ख्रीष्ट के पास आओ भाई, यीशु के पास आओ भाई,"
294,Kristu leche Halleluya,294,வாழ்க்கையாம் பாதைக்கு நீரே வெளிச்சம்,294,"सब लोगों जल्दी आओ, सच्चे प्रभु को जान लो,"
295,Kristu nedu lechenu,295,"அரூபியே சொரூபியே, மருகியே",295,"यीशु तुझे बुलाता है आज, सुन ले ध्यान से मधुर आवाज"
296,Yesuraju vachunu dootalatho,296,நமக்காய் இயேசு மரித்தார்,296,"प्रभु यीशु बुलाता आज पापियों को सभी,"
297,Raajaadhi raajaa raave,297,எந்தனை இரட்சிக்கவே வந்தீர்—தேவா,297,"सुन ले पुकार ! तुझ से प्रभु कहता है, (2)"
298,Meghaaroodundai - prabhu,298,இயேசு சிலுவையில் மாண்டார்,298,"सुन लो मेरे भाइयो,"
299,Prabhuni raakada eediname,299,அந்தோ கல்வாரியில்—அருமை இரட்சகரே,299,"सब यीशु की जय जय बोलो, सब पाप से हाथ को धो लो"
300,Mahimayutudu maa yesu raju,300,சிலுவையிலே பலியான,300,"भजो भजो प्रभु यीशु नाम,"
301,Meghamumeeda Yesuraju,301,இயேசுவின் வேதனையுடன்,301,"भजता क्यों नहीं रे मन मूरख ... यीशु नाम, सच्चा नाम,"
302,Sodarulaaraa lendi,302,உம் இரத்தமே உம் இரத்தமே சுத்தம் செய்யுமே,302,"भज ले, भज ले, भज ले, यीशु का नाम,"
303,Yesu raagaane sangamu,303,பாவிகளுக்காய் கிறிஸ்சேசு மரித்தாரே,303,"यीशु के तू भज ले,"
304,Rajula rajuga Yesu,304,"ஜீவன் ஈந்தாரல்லவோ,",304,"भाई, बहनो, पाप की माफी माँग लो, प्रभु यीशु से  (2)"
305,Nee devuni sandhincha neevu,305,என்ன தியாகம் என் கல்வாரி நாயகா,305,"तेरे दिल के द्वार पर यीशु खटखटाता,"
306,Parishuddu lellaru yesun pogadi,306,"என் அருள் நாதா இயேசுவே,",306,"हृदय तुम खोलो, आओ यीशु पास,"
307,Yesu sheegramugaa vachchun  aashatho,307,அன்பரின் நேசம் யார் சொல்லலாகும்? அதிசய,307,"यीशु को ग्रहण करो, ख्रीष्ट यीशु को ग्रहण करो,"
308,Meluko mahima raju,308,ஆட்டுக்குட்டியின் திரு ரத்தத்தினால்,308,"अनुग्रह का समय अब है,"
309,Adigo vachinadevaro chudumu,309,கருணையுள்ள தேவ சுதன்,309,"द्वार अनुग्रह का खुला अब है, शीघ्र आओ यीशु बुलाता है"
310,Yesu sheeghramuga thirigi vachchun,310,கல்வாரி மலையில் நின்ற ஈனச் சிலுவை,310,"ईश्वर ने जगत से प्रेम ऐसा किया,"
311,Idigo nenu vachu chunnaanu,311,ஓ இயேசுவே என்னை மூட,311,"प्रेमी मसीह के ओरेम बराबर, प्रेम है कोई नहीं,"
312,Jayamani paadu prabhu yesunake,312,காயப்பட்டார் காயப்பட்டார்,312,कौन है यीशु जानते हो ?
313,Kaalamu sameepamu prabhu yesu,313,சிலுவை சுமந்த உருவம்,313,"देखो, देखो जरा कलवरी पर,"
314,Prakaasha vastramutho paraloka mahimatho,314,விலையேறப்பெற்ற ரத்தமே,314,"यीशु सलीब पर मुआ,"
315,Raajula raaju - prabhuvula prabhoo,315,இம்மானுவேலின் இரத்தத்தால்,315,"अन्धकार में खोए हुओं को,"
316,"Jagratha, bakthulara pilupi",316,"பாவதோஷம் நீக்கிட,",316,"जगत में आया है तारणहार (2),"
317,Siyonu raaju vachchunu madini,317,இயேசு ரட்சகர் சிலுவை,317,"मनुष्य रूप धारण करके, आया यीशु जगत में,"
318,Prabhuvu digivatchunu paramunundi,318,ஜெயமே இயேசுவின் ரத்தத்தின் மூலமே,318,"पापी के लिए प्रभुजी (२), क्रूस पर बिल हुआ, (2)"
319,Kristu yesu vachunu,319,கொல்கதா மலை மீதிலே சிலுவை சுமந்தேறினார்,319,"बिन यीशु नहीं हो, निस्तारा (2), ... बिन यीशु नहीं हो"
320,Boora shabhdambu ningin,320,என் தேவனே என் தேவனே ஏன் என்னை,320,यीशु बिन पापी का नहीं है ठिकाना  (2)
321,Yesu kristu sheeghramuga,321,இயேசு இரட்சகரே எனக்காக நீர் யாவுமிழந்தீர்,321,"यह प्रेम का डंका आलम में, बजवा दिया सूलीवाले ने  (2)"
322,Kontha samayame migilinadi,322,அந்தோ பாரும் உனக்காகவே,322,"गुरु कौन पूरा, गुरु कौन पूरा ... जिस के मन में प्रेम भरा"
323,Jayinchu vaarini koni pova,323,உயிர்த்தெழுந்தாரே—பிரேதக்,323,"ख्रीष्ट है सर्वाधिकारी ... ख्रीष्ट है अल्फा ओमिगा,"
324,Halleluyah Halleluyah,324,கீதம் கீதம் ஜெய ஜெயக் கீதம்,324,"जब प्रभु को मेम्ना पाक, क्रूस पर बलि हो गया,"
325,Oh sanghamaa shubha vaartha,325,இன்பக்கீதந் தொனித்திடு இயேசு எழுந்தார்,325,"प्रभुजी तुम को,"
326,Leru leru - jagatin nee samamu,326,"இன்று கிறிஸ்து எழுந்தார்,",326,जग में मसीह की हो जयकार ... सब प्राणी करें जय जयकार  (2)
327,Rajulaku rajaina Yesu prabhuvu ranai,327,காலம் நெருங்கிற்றே கர்த்தர் வருகையின்,327,"पाप सहित आ तू अब सोते के पास, भार दुःख का लेकर के आ,"
328,ParamaThandri suthudu,328,இயேசு சீக்கிரம் வரப் போகிறார்,328,"यीशु का लोहू अनुपम है जो,"
329,Deva gorrepilla siluvalo samasinappudu,329,இயேசு வருகிறார் ஜெயங்கூறிடுவோம்,329,"जीवन तेरा किस के लिए, तेरा जीवन किस के लिए ?"
330,Maharaja Yesu nekai mahima kalugu gaka,330,வருகிறவர் யாரென்று நீ பார்,330,"यह जीवन तेरा दो दिन का है, एक दिन तुझे मिट जाना है"
331,Paraloka rajyamu cherutaku,331,ராஜாதி ராஜா கர்த்;தாதி கர்த்தா,331,"संसार को छोड़कर जाना पड़ेगा,"
332,Premadankaa jagamuna,332,சொர்க்கத்தின் மகிமையோடும்,332,"व्यर्थ ही व्यर्थ है, सब कुछ व्यर्थ है,"
333,Jayamani padudi sarwa janama,333,பரமனேசு வருகிறார் பரத்தினின்று வேகமாய்,333,"क्यों भूला है नादान, ... कर बुरे भले का ध्यान"
334,Jagati karudenche - rakshana kartha,334,ராஜாதி ராஜனாக இயேசுகிறிஸ்து,334,माया मोह और लोभ में भाई भला क्यों फिरे ?
335,Danya Danya yesu namamu,335,இயேசு சீக்ரமாய் வருகிறார்,335,"माया मोह में धोखा न खाओ तुम,"
336,Eyana mata vinudi - needu,336,எழும்புங்கள் பக்தர்களே,336,"न्याय का सिंहासन सामने रखा है, ध्यान से जरा देख कोई बैठा है"
337,Papamunaku jeetamu maranamu,337,ஆண்டவர் இயேசு வருகிறார்,337,"गुनाह की सजा जहन्नम, जहन्नम (3),"
338,Parugidara sodaruda,338,மேகமீதில் இயேசு ராஜன்,338,"दुनिया है धोखा सरासर, सरासर (3),"
339,Vinudi sodarulaaraa,339,ஆண்டவர் வருகை விண் மீதே,339,"मन फिराओ, मन फिराओ,"
340,Randi randi rayamuna Yesuni,340,மகிமையுள்ள மாயேசு ராஜன்,340,"प्रभु की ओर आँख उठाओ ... यीशु ओर आंख उठाओ,"
341,Iruku margambulo pravesinchu,341,இயேசு ராஜன் வருவார் தூதரோடும் வருவார்,341,कलवरी के सहारे ... बच जाएगा प्यारे
342,Krupa kalamu dati povuchunnadi,342,எக்காள சத்தம் வானில் தொனிக்க,342,"यीशु के पथ को छोड़कर कही जावे मतिना,"
343,Prabhu Yesuke jayamanipaadu,343,விழித்திரு மகிமை ராஜன்,343,"यीशु प्रभु है तेरा तारणहार,"
344,Caluvarilo vimukhti - kaligeno priyundaa,344,சீயோனின் ராஜா வருகிறார் ஆயத்தப்படுவோம்,344,"महान उद्धार, अनन्त उद्धार, पूरा उद्धार वह है,"
345,Yesu prabhuve gaaka vasudhalo,345,ஆண்டவர் வருகையது அதிவிரைவிலுள்ளது,345,"गाओ सना, गाओ सना, प्रभु यीशु महान राजा बना"
346,Prabhu sriyesu - prabhu sri yesu,346,இந்தக் கடைசி நாட்களில்,346,जी हम ने यीशु से कर ली प्रीत
347,Paripurnambagu guruvu yevaru,347,எக்காள சத்தம் வானில் தொனித்திடவே,347,"जीवन मेरा बदल गया है (3),"
348,Prajalara vegame raare,348,எக்காள சத்தம் வானில் முழங்கவே,348,किस खोज में हो सब तुम ... इस पापी दुनिया में ?
349,Premamrutha dhaarala chindina mana,349,என் இயேசு ராஜன் வருவார்,349,"यीशु ने तेरे वास्ते, अपना लोहू बहा दिया, (2)"
350,Rammanu chunna desu raaju,350,கொஞ்சக் காலமே மிஞ்சியுள்ளது,350,"यीशु पर ला विश्वास, लोग धर्मी बन जाते हैं"
351,Randi randi yesuni yoddaku,351,தேவன் வருகின்றார் வேகம் இறங்கி,351,"गर विश्वास तू लाएगा अभी मेम्ने पर ईश्वर के,"
352,Rarandi yesu padamula chera,352,மரித்தோர் எவரும் உயிர்தெழுவார்,352,"साधु भेष में फिरनेवाले,"
353,Ilalo yesunake jayamu,353,"மேகமீது தூதரோடிதோ இதோ,",353,"खुदा को भूलकर मसरूफ क्यों है खुद परस्ती में,"
354,Kriste sarvaadhikaari,354,இராஜாதி இராஜன் இயேசு வருவார்,354,"क्यों मन भूला है यह संसारा, (2)"
355,Andhakaara lokamunaku,355,ராஜாதி ராஜாவே வாரும்,355,"कुछ न भरोसा इस जीवन का, (2)"
356,Maanava roopamunu dharinchi,356,வேகத்திலே விண்மேகத்திலே என்,356,"भरोसा जीवन का नहीं है, मनुष्य रूप में आया है,"
357,Saatilenidi Yesuni rakhtamu,357,இயேசு சீக்கிரம் வருகிறார்,357,"आया यीशु पापियों के पास, अपना रूप बदल के,"
358,Rakshana nosagedu Yesuni,358,"இயேசு சீக்கிரம் வரப்போகிறார்வெளி.22:7,12",358,आओ मिलकर चलें प्यारे यीशु के पास
359,Papulakoraku prabhuyesu,359,"திவ்யக் காளச்சத்தம் கேட்க இயேசு தோன்றும் காலத்தில்,",359,"मुहब्बत खुदा की दिखाने के लिए, सलीब पर चढ़ गया यीशु,"
360,Devudu lokamunu yentho preminchenu,360,மேகங்கள் நடுவே வழி பிறக்கும்,360,"देखो खुदा ने पापी जग से कैसा किया है प्यार,"
361,Maya lokamu - mosapokumu,361,மானிடரூபம் இயேசு எடுத்தார்,361,"प्यारा है, प्यारा है, प्यारा है, प्यारा है,"
362,Nyaayapeetahmu nee mundu unnadi,362,மாய லோகத்தில் மோசம் போகாதீர்,362,"आसमान को छोड़कर दुनिया में आया, दुःख और तकलीफों को उसने उठाया,"
363,Mahavaidyundu vachenu,363,நியாய சிங்காசனம் உனக்கு முன் உள்ளது,363,"खुदा के प्यार की गहरी धार वह बहती है, वह बहती है,"
364,Shubhavartha vintimi,364,தேவன் இவ்வுலகை எவ்வளவாய் நேசித்தார்,364,दिल के दाग को धोवे कौन ? लोहू जो कि क्रूस से जारी
365,Immaanuyeluni rakhtamu,365,பாவியை நேசித்துப் பிராணனை ஈந்த,365,"इम्मानुएल के लोहू से एक सोता भरा है,"
366,Daagunedi mapunu - vega Yesu,366,"குரு பூரணர் யார், குரு பூரணர் யார்?",366,"जान मैं ने अपनी दी ... खून दिया वेश बहा,"
367,Mana prabhuvaina Yesu nandu,367,ஜெகத்திற்கே இரட்சகனாய் உதித்தார்,367,"क्रूसित यीशु की ओर देख औए ले ले जीवन, वही तेरे लिए जीवन दान,"
368,Nee jeevitamu kshanabhangurame,368,அன்பின் முரசு அகிலத்தில் கேட்கிற முழக்கம்,368,"यह सुनाओ कि यीशु ख्रिस्त पापी को बचाता है,"
369,Entho goppa nityamaina,369,"பாவத்தின் பலன் நரகம், நரகம்",369,"सुना हमने सुख का बोल, यीशु ख्रिस्त है तारणहार"
370,Yesu lenicho papikaashrayame ledu,370,"பேரன்பர் இயேசு நிற்கிறார்,",370,"संसार का सब से बड़ा वैद्य ... वह है हमारा यीशु,"
371,Maaru manassu pondumu,371,நல்லசெய்தி ! இயேசுவை,371,"आनन्द, महान आनन्द है, प्रभु का वह आनन्द है,"
372,"Vyardham vyardham, sarvamu",372,இருதயக் கதவை நீ திறந்திடு இன்றே,372,"यीशु को ग्रहण किया, मैं, ईश्वर का पुत्र हुआ,"
373,Kristu prabhuke sakala mahima,373,"சகோதரா, பாவமன்னிப்பை",373,"मैंने जब अपने त्राता को मेरे हृदय में अपनाया,"
374,Evaro thelusaa Yesayyaa chebuthaa,374,பாவியே சந்தித்தாயோ—மேவி உன் மீட்பரையே,374,"तेरे द्वार को छोड़ यीशु जाऊँ किधर, (2)"
375,Shramalanu ponde shree Yesudu,375,"இயேசுவை ஏற்றுக்கொள்வாய்,",375,"मैं हूँ पापी जग में खोया, मुझ को कौन बचाये,"
376,Yesu namamune paapiki rakshana,376,தட்டித் தட்டி நிற்கிறேன் தாளைத் திற,376,"मैं एक अधम पापी हूँ,"
377,Yesuni venta nenu - vembadinchuchunnanu,377,சுவிசேஷ செய்தி கேட்டாயா?,377,यीशु तू मुझे पाप से बचा कर दया ...  (2)
378,Neevennallu rendu thalampulatho,378,நோக்கிப் பாரும் சற்று கல்வாரியை,378,"तारण दे पापी को, प्रभु मुझे,"
379,Painunna aakasamanduna,379,மாயலோக வாழ்வில் மூழ்கி ஏன் அலைகிறாய்?,379,"दयालु यीशु, पापी का आश्रय,"
380,Yesu prabhuve lokarakshakudu,380,"துதிசெய், துதிசெய், துதிசெய் திரியேகனை",380,"जीवन दाता हो, मन में आ जाओ,"
381,Yesuni chentaku aashatho rammila,381,கர்த்தர்மேல் கண்களை ஏறெடு,381,"दिल मेरा ले ले प्यारे यीशु, तूने इस बनाया है,"
382,Idiye anukula samayamu neeku,382,இயேசுநாதர் ஐங்காயத்தை நோக்கிப் பார்த்தால்,382,"मन मन्दिर में आ मसीह,"
383,Idiye samayambu randi,383,கெட்டுப்போன மாந்தரை,383,"नहीं छोड़े तू कभी भी मुझ को, गिरने से संभाल तारणहारा,"
384,Mayaloka mayalo nela,384,இயேசு மீட்பர் உந்தன் நெஞ்சில்,384,"मैं गुनाह के सबब से हो गया था खुदा से दूर,"
385,Vinathi vinathi vinathi triyekuniki,385,இதுவே அநுக்கிரக காலமதாயிற்றே,385,"पाप का बन्धन तोड़ा गया, मैं आजाद हूँ, हाँ आजाद ;"
386,Kala Vilu Va Neeku,386,இப்பெரிதான ரட்சிப்பைப் பற்றி,386,"यीशु ने किया आजाद मुझे ... पाप और सारी बुराई से,"
387,Prabhu Yesu pilupunu,387,இயேசு யாரென்று தெரியுமா,387,"यीशु प्रभु मेरो अनुपम सुन्दर,"
388,Prematho yesu - piluchuchunnaadu,388,இயேசுவாம் வழியை விட்டு,388,"तू ही है यीशु मांझी नैया का मोरी,"
389,Immuga nee hrudaya nimmu,389,இயேசுவையல்லாமல் பாவிக்கு அடைக்கலமில்லை,389,"नैया पार लगा, मेरी ... नैया पार लगा, यीशु जी,"
390,O Paapi jeevapu yootaku raa,390,உன் தேவனைச் சந்திக்க நீ ஆயத்தமா?,390,काल पताल के जीवन हारा ... बेड़ा पार लगाओ हमारा  (2)
391,Gadiya nenu thattu chunnaanu,391,உன் ஜீவிய காலம் குறுகினதே,391,मेरा मन धो देना प्रभु ... बिनती करूँ बारम्बार
392,Yesu raajun nee yadalo,392,உன் ஜீவியத்தின் இலக்கென்ன என்று,392,"मेरे पापों को माफ कर दे,"
393,Sodarudaa paapa kshamakai,393,என்னை நேசிக்கின்றாயா?,393,"मैं कमबख्त आवारा और गुमराह, नहीं जानता था कि है नजात,"
394,Yesu prabhuve neeku rakshana,394,ஏழை மனு உருவை எடுத்த,394,"यीशु मेरे शरण स्थान ...तुझ में मेरा है कल्याण,"
395,Oh paapi sandhinchitivaa,395,ஒரு தினம் உலகை விட்டகல்வாயே இதில்,395,"यीशु पास मैं आऊँ, खुश वह करेगा,"
396,Choodumu sodarudaa neevu,396,கர்த்தரின் வார்த்தைக்கு செவி கொடுப்பாய் 2,396,"जैसा मैं हूँ बिना योग्यता ... पर लेकर आसरा लोहू का,"
397,Prabhu thattu kannuleththu,397,சுவிசேஷத்தைக் கேட்பீரே,397,"उस मीठी वाणी को मैं सुनता हूँ तेरी,"
398,Choodumu neevu melconumu,398,"பாவி, கேள் உன் ஆண்டவர்,",398,"मेरे बाद मिलकर दुआ करते रहना,"
399,Yesuni sweekarinchu,399,பாவிக்குப் புகலிடம் இயேசு ரட்சகர்,399,"सर्व शक्तिमान, मेरे सच्चे प्रभुजी,"
400,Jeevitha mevvariki nee jeevitha mevvariki,400,மாயை மாயை உலகமே மாயை,400,"परमपिता हम हाथ उठाकर स्तुति करते हैं,"
401,Yesu ninnu pilichenu,401,வானம் பூமி யாவற்றிலும் இயேசு மேலானவர்,401,"आशीष तुझ से चाहते हैं,"
402,Choodumu eekshaname calvarini,402,இயேசுவின் இரத்தம் இன்று முள்ளதே,402,"परिशुद्ध, परिशुद्ध प्रभु यीशु आ आ,"
403,Entha paapinainanu - Yesu cherchukonunu,403,வருவீர் வருவீர் இயேசுவினருகில்,403,"प्रार्थना सुननेवाला, प्रार्थना करो तू ने कहा,"
404,Yesu naadhuni gaayamulanu,404,வாருமே இயேசுபாதம் சேருமே,404,"धर्मी लोगों की प्रार्थना परमेश्वर निश्चय सुनेगा,"
405,Rakshanampu vaartanu vini,405,பாவியை இரட்சிக்க வந்த கிறிஸ்தேசுவை,405,"आओ चलें हियाव बान्धकर, अनुग्रह सिंहासन निकट,"
406,Prabhu yesu rammanuchunde,406,ஆண்டவர் இயேசு அழைக்கிறார்,406,"हियाव न छोड़ो कभी, प्रार्थना तुम करो,"
407,Yerushalemu gummamulaara rajunu,407,கிருபைக்காலம் ஓடியே போகுதே நரரே,407,"माँगों उस से, प्रभु तुम्हें देगा, निश्चय वह देगा,"
408,Theruvu nee hrudaya dwarambu nede,408,ஜனங்களே வேகமாய் வாரும்,408,"झुण्ड में कई भेड़ें आई नहीं, करोड़ों दुनिया में जो हैं,"
409,Krupakaalamulo prabhuyesune,409,இதுவே நற்தருணம்—வாரும்,409,"हे पवित्र आत्मा समर्थ प्रभु,"
410,Kristu chentaku rammu,410,பாவியே ஜீவ ஊற்றண்டை வா,410,"स्वर्ग से उण्डेल प्रभु अग्नि सा जीवन,"
411,Teruvabadi yunnadi krupadwaramu,411,உனக்கு இரட்சிப்பு இயேசு கொடுக்க அழைக்கிறார்,411,"सुन ले पुकार हमारी, महान शक्तिवाले,"
412,Naa maata vinumani,412,பாரீர் பாரீர் எழுந்திடுவீர்,412,"हम आते तेरे पास, प्रभु, प्रार्थना सुन ले आज,"
413,Daari tholagitivela,413,"இயேசு உன்னை அழைக்கிறார்,",413,"ईश्वर के सम्मुख आते,"
414,Lokamunu vidachi vellavalenuga,414,இயேசு உன்னை அழைக்கிறாரே,414,"मैं भूखा हूँ और प्यासा तेरी भरपूरी का, कि तुझ ही को मैं जानूं ऐ अब्दी खुदा,"
415,Nee jeevitamulo gamyambu yedo,415,கிருபை காலங்களில் கர்த்தர் இயேசுவை,415,"तेरे चरणों में झुकता हूँ, अनुग्रहकारी यीशु,"
416,Aa caluvary margamulo,416,கிறிஸ்து வண்டை வாரும் நண்பா,416,"मेरे यीशु करुणा तू कर, तू करुणा का धनी है,"
417,Yesu prabhu pilachuchunden,417,அழைக்கிறார் அழைக்கிறார் இதோ,417,"करुणा से प्रभुजी, वापस दे जो खोया मैं,"
418,Shanthi santosham papakshamapana,418,ஆணிகள் பாய்ந்த கரங்களை விரித்தே,418,"हे प्रभु भेज अब तू जागृति,"
419,Peda naruni rupamu dharinchi,419,இது நிச்சயம் இது நிச்சயம் —நம்,419,"प्रभु नदियाँ बहायेगा, निर्जल, ऊँचे पर्वतों से,"
420,Naadu hrudayapu dwaaram,420,இதுவே அநுக்கிரக காலமிதே—,420,"भर दे प्रभु मुझे तू (2), ... सारी भरपूरी से अपनी मुझे तू  (2)"
421,Priya yesu nirminchitivi,421,கிருபையின் வாசல் திறந்துள்ளது,421,"हे प्रभु तू भर दे, सारी परिपूरी से (2),"
422,Kanikarinchi nannu rakshinchu,422,கிறிஸ்தேசு வருந்தி அழைக்கிறார்,422,"यरूशलेम को फाटको, राजा को अन्दर आने दो,"
423,Yesu naa hrudayamunanduna,423,நல்மீட்பர்போல் வல்ல நேசர் உண்டோ?,423,"यीशु, यीशु मन में आ जा (2), इस दुनिया का तू मुक्तिदाता (2)"
424,Rakshana nosagumu prabhuva,424,பரிசுத்தம் பெற வந்திட்டீர்களா,424,"जीवन दीप जलाओ (2), प्रभुजी मेरे, प्रभुजी मेरे, (2)"
425,Nenu ghorapaapini cheri,425,பாவ பாரம் நீங்க வாஞ்சிப்பாயா?,425,"ज्योति दिखा दो, मार्ग बता दो,"
426,Prabhuvaa nannu karuninchumu,426,பாவி! உன் மீட்பர் கரிசனையாய்,426,जीवन की यह प्यास मेरे ... अब बुझा प्रभु यीशु प्यारे
427,Jeevapu daata naa hrudayamuloniki,427,"பாவிக்கவர் காட்டின மா நேசத்தால்,",427,"आसी की यीशु प्यारे, बिगड़ी बनाते जाना,"
428,Viduvavu nannika ennadainanu,428,மனந்திரும்பு இந்நாளே 2,428,"प्रभुजी भेजो वर्षा को, पूरी करने प्रतिज्ञा को,"
429,Paapini nenu thappiti,429,வருத்தப்பட்டு பாரம் சுமப்பவர் யாவரும்,429,"प्रभु बरसा दो (2), आशीषें बारिश बरसा दो, प्रभु बरसा दो"
430,Nedu ne naa rakshakuni,430,வருவாய் தருணமிதுவே அழைக்கிறாரே,430,"तुम तो आत्मा के युद्ध को जीत लो रे,"
431,Nakai chilchabaddayo,431,பாவத்திலே யாவரும் பிறந்தோம் 2,431,"हे पहरुआ जागता रह ... तू है सिपाही यीशु का,"
432,O yesu rakshakaa,432,வா ! இயேசுவண்டை வா!!!,432,"जागते रहना, जाहते रहना,"
433,Unnattu nenu vachedan,433,வா—வா—இயேசுவண்டைவா,433,"जागते रहो, जागते रहो,"
434,Aakaashamu bhuvilo nella,434,வாசலண்டை நின்று ஆசையாய்த் தட்டும்,434,"यीशुजी, प्रभुजी, दो वरदान अब तो,"
435,Paapabharamu dhustaguna,435,பொங்கிவரும் அருள்மனிதரை மாற்றிடுதே,435,"हे पिता स्वर्गीय हमारे, आप ही का ध्यान हो,"
436,Dayagala Yesu paapi kaashrayudaa,436,சபை ஒன்றே தான்,436,"हमें यीशु के दरवाजे पर रहना, वह रहमतों का बानी हैं,"
437,"Sangha mokkate, saarvathrika",437,கர்த்தர் இயேசு சபையைக் கட்டுகிற வேலை,437,"यीशु प्यारे ! तेरे सिवा मेरा कोई नहीं,"
438,Parishuddha shriyesuve - paralokaraaju,438,பக்தரின் சபையே கர்த்தரின் தேகம்,438,"इस से गहरा यीशु तेरे प्यार में, जाना चाहता हूँ,"
439,Jayinchuvadu Deva kumarudu,439,பணிந்து தொழுவோம் பராபரனை—பணிவோம்,439,"ऐ यिशु तेरा दिल छिपा ... उस सोते में,"
440,Siyonu pattanamaa,440,சக்திவாய்ந்த சாலேமின் ராஜா,440,"दिल मेरा ले रब्ब, दिल मेरा ले, हो तेरी मर्जी पूरी मुझ से,"
441,Siyonu puramaa - sarvonnathuni,441,நாமோ கர்த்தரின் பரலோகக் குடும்பம் 2,441,"हे प्रभु, तू उपस्थित है ... आशीष हम को देने को,"
442,Prabhu yesu sanghamu nirminchu,442,சீயோன் சிங்காரம் —நாம்,442,"होगी आशीषों की बारिश ... है यह प्रेम की प्रतिज्ञा,"
443,Bhaktula sanghame prabhuni,443,ஆட்டுக் குட்டியானவரின்,443,"राह बता, महान परमेश्वर ... राही मैं निर्जन पथ का,"
444,Santasillunu mee hrudayaalu,444,எல்லாம் உங்களுடையதே—வல்ல,444,"छोड़ न मुझे, प्यारे यीशु ! बिनती सुन मेरी,"
445,Shakhtigala shaalemu raajaa,445,தேவனின் வாசஸ்தலமாய் நாம் கட்டப்படுகிறோம்,445,"यीशु कैसा मित्र प्यारा ! ... पाप और दुख उठाने को,"
446,Daiva darshanamuna Yaakobu,446,துதித்திடு துதித்திடு,446,"पवित्र समय प्रार्थना का ... सांसारिक बातें छोडूंगा,"
447,Immuga nee sudinambu nundi,447,சபையின் அஸ்திபாரம்,447,"रह मेरे पास सदा ... प्रभु दयाल, तू अपने वचन से ... मुझे संभाल"
448,Sarvashakhtuni vaakku idiye,448,தேவ நகரமாம் சீயோன்,448,"प्रभु यीशु, मेरे प्रिय ...लोगों का बचानेहार,"
449,Siyonu vaasu laaraa,449,கர்த்தரின் வீடு அவர் மகிமையால்,449,"दिव्य प्रेम, सर्वोत्तम सब से ... स्वर्गीय आनन्द आ उतर,"
450,Gorrepilla vivaahotsava,450,சபையே யுனக்கொரு சந்தோஷம்,450,"जीवन की रोटी अब प्रभु खिला ... जैसे समुद्र पास खिलाता था,"
451,Aatma mandiramunu,451,சபையே கிறிஸ்து இயேசுவின் தேகமே அதில்,451,"बोल मुझ से, कि मैं बोल सकूं ... हे प्रभु ! तेरी वाणी से,"
452,Prabhu dayacheyu nitya,452,செய்ய வேண்டிய வேலையோ பெரியது,452,"मण्डली एक ही है,"
453,Nirmimpabaditimi manamu,453,சேனைகளின் கர்த்தாவே உந்தன் வாசஸ்தலங்கள்,453,"प्रभु यीशु अपनी मण्डली बनाता, (2)"
454,Stutinchumu stutinchumu,454,பரிசுத்த ஆலயத்தை எனக்கு,454,"भक्तों की मण्डली है प्रभु की देह, भरपूरी अपनी जिस में बह भर दे  (2)"
455,Ee sangapu bunaadi,455,யேகோவா ஷம்மா யென்றழைக்கப்படும்,455,"कलीसिया ख्रिस्त यीशु का शरीर है,"
456,Deva patnamaa siyonu,456,இதோ மனுஷரின் மத்தியில்,456,"ख्रीष्ट यीशु प्रभु जिस मण्डली को अपने लोहू से मोला,"
457,O pavanulaaraa - meedu vishwasampu,457,தேவனின் வாசஸ்தலம் நித்தியமானது 2,457,"आत्मिक घर है, प्रभु जो बनाता, आत्मिक नियम से है बनता"
458,Maname prabhuni paraloka gruhamu,458,"அன்பாய் எம்மை நடத்தினீர்,",458,"हम ईश्वर के घर की नाई बनाये गये हैं,"
459,Sanghame kristu yesuni shareeramu,459,பழைய புதிய ஏற்பாடுகளிலே,459,"हम है प्रभु का स्वर्गीय घराना,"
460,Kristesu prabhuvu thana rakhtamichi,460,நித்தியன் இயேசுவையே துதிப்போம்—அவர்,460,"सारी चीजों है तुम्हारी,"
461,Parishuddha pattanamu kroththa,461,தாகமுள்ளவன் மேல் தண்ணீரை,461,"प्रभु की महिमा प्रबु के घर को, भर दिया वह भर दिया"
462,Nootana maina Yerushalemu parishudda,462,கர்த்தராகிய தேவன் — விளம்புவதைக் கேட்பேன்,462,"हे सिय्योन नगर तू सोने का नगर है,"
463,Prabhuni gruhamu aayana,463,தாகத்தைத் தீருமையா—அபி,463,"हे सिय्योन नगर,"
464,Parishudda mandiramu naaku,464,தேவா ஜீவ அப்பத்தைப் பிட்டுத் தாரும்,464,"जग जग अब हे सिय्योन ... अपना बल कर धारण,"
465,Devudoka nagaramu manakorakai,465,"நாதா, உம் வார்த்தை கூறவே",465,"कलीसिया तेरे लिए खुश खबरी ... यीशु जल्द आता है,"
466,Prabhu prajalaaraa rayamuna randi,466,"பேசும் கேட்;கிறேன் கர்த்தாவே,",466,"खुशी मनाओ, मेम्ने का विवाह उत्सव आया है ... आओ"
467,Prabhuni sangamaa - melko - nede,467,கர்த்தாவே உம் சத்தம் கேட்டிடச் செய்யும்,467,"पवित्र नगर नये यरूशलेम को, स्वर्ग पर से उतरते हम ने देखा,"
468,Entha soundarya nagaramu,468,நீதிமான்களின் ஜெபங்களையே,468,"नया यरूशलेम, जो अद्‍भुत है, पवित्र नगर वही है,"
469,Devuni mahima mandiram,469,கேளுங்கள் நீங்கள் தருவேன் என்றார்,469,"दिव्य दर्शन परमेश्वर का ... याकूब ने जब देखा,"
470,Yehova ninnu asirvadinci,470,"வானங்களும், வானாதி வானங்களும்மைக்",470,"शक्तिशाली, राजा शालेम का, गुलाब शारोन का,"
471,Paata krotha nibhadanalanduna,471,ஆசீர்வாதத்தை நாடினோம்,471,"योजनाऍं जो है यिशु की, बदलती न कभी,"
472,Kristuni swaramu vindunu prabhuve,472,"வல்ல ஆவியே இயேசு எங்கள் மீதிலே,",472,"मन्दिर बनाओ मेरे लिए, प्रभु परमेश्वर तू ने कहा है,"
473,Dahamu theerchumayya,473,வல்ல தேவா என்னை நிரப்பும்,473,"कितना सुन्दर नगर यह है,"
474,Aa dinamulalo devokthi - arudaayenu,474,ஆவியாம் தீபமே,474,"स्वर्गीय यरूशलेम पवित्र नगर वह है,"
475,Mangalamuga padudi,475,என் ஜெபவேளை வாஞ்சிப்பேன் !,475,"कलीसिया करती इंतजार (3), अपने वायदे के मुताबिक यीशु आ,"
476,Nityudesune stutinchu,476,ஆச்சரியமானவர் இயேசு,476,"सारी कलीसिया का एक यीशु है आधार,"
477,Dappi gonina vaanipai neetin,477,பிரபு இயேசு என் இரட்சகா என்றும் உம்மைக்காணும,477,"कैसी खुशी है, कैसी खुशी है, बयान से बाहर है,"
478,Sarassu prakkana rottelanu,478,ஒளியை நீர் கொடுத்து வழியைக்காட்டிடும்,478,"मेरे पापों कि क्षमा तू ने की, प्रभु मेरी आँखें तू ने खोल दी,"
479,Naadhaa Samuyelu reeti,479,ஓ என் கர்த்தாவே உயிர்ப்பித்தருளும்,479,प्रेम प्रेम (2)
480,Ne bodimpa janaalikin - nerpimpu,480,கர்த்தாவே எங்களை நிரப்பும்,480,"अरमान मेरा मिट गया है, प्यारे यीशु में,"
481,Nee swaramu vinupinchu prabhuvaa,481,இரங்குமே! என் இயேசுவே,481,"संकट और दुःख क्लेश मेरा मिट गया है,"
482,Vinipincu prabhu ni svaramunu,482,திருப்பாதம் நம்பி வந்தேன்,482,"जीवित है, यीशु जीवित है,"
483,Nityamu niluchunadi – devuni vakyamu,483,ஓ சர்வவல்லவா சத்யமாயுள்ளவா,483,"प्रभु यीशु की ज्योति यदि कहूँ वह कैसी महान,"
484,Idigo mee devudani,484,பரிசுத்த அக்கினி அனுப்பும் தேவா,484,"हे सब प्यारे जन नदी के पास,"
485,Nadrsti nipai nilipi,485,தேவா பொழிந்திடும் தேவா பொழிந்திடும்,485,"यीशु के प्यार के दरिया को ... हैरत से मैं ने देखा,"
486,Yesuni nammedivaaru aayana,486,சேர்ந்திடுவோமே தைரியமாய்,486,"आनन्द करूँ, आनन्द करूँ"
487,Yehovaanu stutinchudi - aayana,487,கர்த்தாவே அருள்மாரி பொழியும்,487,"आनन्द से भर कर जाएँगे हम सब,"
488,Siyonu paatalu - santoshamuga,488,ஆறுகளைத் திறந்து விடும்,488,"हर्षित हम होंगे यहोवा में,"
489,Idigo nenoka nootana kriyanu,489,ஜீவத்தண்ணீரின் நதிகள்,489,"हम यीशु प्रभु के हैं, और उस का ही रहेंगे,"
490,Swaschanda siyonu vaasi,490,அருள் ஏராளமாய்ப் பெய்யும்,490,"प्रभु मैं तेरा हूँ, मसह मैं तेरा हूँ,"
491,Yehovaayandaanandame,491,இயேசு ஸ்வாமி அருள் நாதா!,491,"अपने प्रभु को पहचानने वाले, शक्ति पा के काम करेंगे  (2)"
492,Devudu meeku ellappudu thoduga,492,ஜெபத்தைக் கேட்கும் எங்கள் தேவா,492,"जिन्होंने उस की ओर दृष्टि की,"
493,Ellappudu ellappudu ellappudu,493,பாவ சஞ்சலத்தை நீக்க,493,"जो प्यासा है उस पर प्रभु पानी उँडेलेगा,"
494,Deva samaadhaanam shanthinadhi vale,494,சர்வ வல்லவரே,494,"यीशु पर विश्वास जो लाते, उसी के अनुग्रह द्वारा,"
495,Aatma vishayamai deenulaina,495,சோர்ந்திடாமல் ஊக்கமாய்—ஓய்வின்றி,495,"धन्य हैं वे जो ... मन के दीन हैं, क्योंकि स्वर्ग का राज्य ... उन्हीं का है,"
496,Shaashwata mainadi prema,496,உம் முகத்தை நாடி வந்தோம் 2,496,"धन्य तू है, सदा धन्य तू है, हे इस्राएल क्या ही धन्य तू है,"
497,Parishuddulai yundudi daiva,497,அன்பின் தொலைபேசி அற்புதத்தைப் பார்,497,"तुम बहुत सा फल लाओगे, पिता की महिमा होगी,"
498,Premaa premaa - premaa,498,ஆண்டவா வகையறியேன் தூண்டும்,498,"तुम को भरा वह सारी भलाई से, स्वर्गीय आशीष है यह"
499,Erigiyuntive - Yehovaa,499,ஆத்ம சந்தோஷங் கொண்டானந்திக்க—இப்போ,499,"मीरास दे दी प्रभु ने उन्हें, जो कोई जयवन्त हुए"
500,Ne Yesuni velugulo nadichedanu,500,ஆள் இல்லை ஆள் இல்லை,500,"यीशु हमारी है मीरास, दूसरी मीरास अब है ही नहीं"
501,Meere lokamunaku velugu,501,இன்றும் க்ரியை செய்கிறார்,501,"मसीह हमारी महिमा की आशा, वह जो हम में है, (2)"
502,Balavantudesu mahima,502,இஸ்ரவேலின் சேனைகளின்,502,"महान उद्धार जो है, प्रगट किया प्रभु ने,"
503,Nene bhayapadakudadanenu,503,எக்காலும் இயேசுவே !,503,"ऊँचे स्थानों में प्रभु,"
504,Manamu Yesu prabhuni mahima,504,எங்கேயான் ஏகுவேன் தங்கவே தேவனே,504,"प्रेमी यीशु मसीह का, हाँ प्रेम ही सबसे अटल है,(2)"
505,Devaa ! nee thalampulu naa,505,என் ஆத்தும நேச மேய்ப்பரே !,505,"आओ विश्वासियों, विश्वास करते हुए,"
506,Akasama Alakinchuma,506,என்னை மறவா இயேசு நாதா,506,"मेरे बदले में मरने को एक था तैयार, कि मैं पापी स्वतंत्र हो जाऊँ,"
507,Samaadhana - gruhambulonu,507,"என்னோடிரும், மாநேச கர்த்தரே,",507,"यीशु है मेरी पनाह ... वही है मेरी चट्टान,"
508,Lechi randi viswaasulaaraa,508,கர்த்தாவே ! இறங்கும் !,508,"मैं इन बातों के बारे में, बताओ ... क्या करूँ चर्चा ? (2)"
509,Raarammu raarammu saatveekudaina,509,கர்த்தாவே உம் முகத்தைத் தேடி,509,"मैं कैसे कह दूं, यीशु दुनिया का नहीं है मुंजी  (2)"
510,Bhayapadakumu neevu - yuddamu,510,சிறையின் கஷ்டம் கசப்பிலும்,510,"ऐ मसीह मेरे गुनाहों को मिटाया तू ने,"
511,Bhaya padakumu oh chinna,511,"தயாபரா, என் உள்ளத்தில்",511,"फजल अजीब मसीह का ... आया इस दुनिया में,"
512,Mana mesuni vaaralamu,512,தேவனே ! ப்ரசன்னமாகி,512,"हे तुम जो माता का प्रेम जानते हो, उससे भी अधिक है यीशु का प्रेम,"
513,Vaaru aayana thattu choodagane,513,பரிசுத்தர் கூட்டம் நடுவில்,513,"मुझ को मसीहा पाक ने, मुर्दो में से जिला दिया,"
514,Lokam jeevam maranambainan,514,பலிபீடத்தின் தழலால் என்னைத்தொடும்,514,"प्रभु यीशु तू ने जग में आकर, अद्‍भुत प्रेम दिखाया तू मुझ पर"
515,Sarvashakhtuni vaakku idiye,515,மெய் ஜோதியாம் நல்மீட்பரே,515,"मैं हूँ मसीही, और रहूँगा भी, जब तक न सूरज और चाँद टले,"
516,Sampoorna rakshanayoota,516,"ஜீவாதிபதி, ஜோதியே,",516,"एक अजीब, नया काम मेरे अन्दर हुआ, दिल में आया है जब से मसीह,"
517,Naayaatma langaru veya,517,பரத்துக்கேறு முன்னமே,517,"उत्तम और शान्तिदायक बात ... कि ईश्वर थामे मेरा हाथ,"
518,Jeevithambu ghora kastanastamul,518,தேவ ஜனமே பாவத்தில் விழுந்தே,518,"ईश्वर तेरे समीप, मैं पहुँचूं ... और क्रूस से मुझ को भी सामर्थ मिले,"
519,Aayana nannu nadupunanu,519,என்னை என்றும் கைவிடாதவர்,519,"यीशु, मेरे प्राण के मीत ... जब तक जग में रहता हूँ,"
520,Nadpumaa mahaa Yehovaa,520,நான் என் இரட்சகரை—என்,520,"यीशु चरवाहा मेरा है ... मैं उस की दया पता,"
521,Yesu mammunu nadipinchu,521,ஜீவாதிபதியே எம்மிதயத்தினுள் வாரும்,521,"परमेश्वर ही की दया से ... सभी सुरक्षित हैं उस में,"
522,Nee chentako prabho nejeedan,522,பாவியாயிந்த பாரினில் பிறந்தேன்,522,"अब वक्त सलीब उठाने का,"
523,Poorva maasheervaadamu,523,ஆண்டவரே அடியேனை இரட்சியும்,523,"प्रभु का दर्शन, यीशु का दर्शन,"
524,Yesu aatma priyudaa,524,பாவப்பாரமே கொண்டு,524,"हम यीशु मसीह के चेले हैं, दुनिया में घूम मचा देगे,"
525,Naa prema raajukapari,525,நான் பாவி தான்—ஆனாலும் நீர்,525,"यीशु मसीह के अच्छे चेलों के समान, विश्वास से हम आगे बढ़े,"
526,Daiva prema pridviloni,526,"பிளவுண்ட மலையே,",526,"जिल्लत उठा के तुम,"
527,Immuga nadipinchitivi,527,"வா ! நீசப் பாவி ! வா,",527,"उठो, आओ, महान प्रभु के भावी गवाहो, उठो"
528,Anananda mahaanandam,528,கோரப்பாவி ஆயினேன்,528,"उठ, ज्योतिमान तू हो जा ... तेरी ज्योति है तुझ पर चमकी, (2)"
529,Meeru Bahugaa Phalinchinacho,529,தயவுள்ள இயேசுவே பாவிக்கடைக்கலமே,529,"जागो, जागो, जागो, जागो हे मेरे प्राण,"
530,Melkonumaa melkonumaa,530,"அருள் நாதா, நம்பி வந்தேன்,",530,"हे भाइयो बहिनों, अब जाग उठो,"
531,Adbutha deevenalu prabhuvaa,531,ஆராயந்து பாரும் கர்த்தரே;,531,"भाइयों और बहनों अब जागो सभी,"
532,Kristuni choochuchu saagi velledanu,532,என் அருமை ரட்சகா ! கண்ணோக்குமேன் !,532,"घोर अंधकार अब आ रहा है, अनुग्रह दिन उपयोग तुम करो,"
533,Velledamu koodi velledamu,533,எனக்கிரங்கி என்னை இரட்சியும் இயேசுவே,533,"तुम ही, तुम ही, इस जग की हो ज्योति,"
534,Oh prabhuvaa ne daari tholagithi,534,பரனே பாவி நான் வழி தப்பி அலைந்தேன் 2,534,इस जग का मैं दीपक हूँ ... जीवन ज्योत जगा दूँगा
535,Ee loka yaatralo ne,535,பாவி நான் ஐயா பரமதுய்யா,535,"इस जग के लिए तू ने,"
536,Aadi premanu vidachi pettithivaa,536,என் இதயத்தில் என்றும் வசிக்க,536,"दिल में आग अब जलती है ... रूह की आग पवित्र,"
537,Devunitho sahapaati,537,அன்பானவராம் எந்தன் கிறிஸ்தேசுவே,537,"जय जय जय जय यीशु प्रभु,"
538,Nishchayamuga ninnu deevinchedanu,538,நசரேயனாகிய இயேசுவே,538,"यीशु मसीह दिलावर है, शैतान से जोरावर है 2"
539,Yesu manatho nundaga,539,சிலுவைப்பாதையைக் காட்டுமேசையா,539,"प्रिय यीशु मसीह के दलवाले, हम सैनिक हैं, हम सैनिक हैं,"
540,Prabhuvaa chesitivi vaagdhanamulu,540,இயேசுவே எந்தன் சிலுவையை எடுத்து,540,"त्रियक प्रभु के नाम पर जान अपनी देनी होगी,"
541,Aanandinchedamu Yehovaalo,541,தேவ ஆவியின் நெருப்பு தேஜஸாய் எரியுதே,541,"प्यारे हिम्मत बांधों आगे बढ़ो,"
542,Lellemmu Siyonu - dhariyinchumu,542,பிரிய இயேசுவின் சேனை வீரர்கள் நாம்,542,"जयवन्त बनो तुम भी यीशु ने कहा,"
543,Oh ishraayelu - needu bhagyamentho,543,இயேசுவின் தரிசனம் அடைந்த பின்,543,"प्रभु को सब मिलकर सराहो, (2)"
544,Naa jeevitha saagaramuna,544,ஜீவனைக் கொடுப்பேன் ஜீவாதிபதிக்கே,544,विश्वास सहित आओ ... प्रचारे यीशु को
545,Neeku kaligina danini – chepattumu,545,உம் சிலுவையே என் மேன்மை இயேசு நாதா,545,"नीले गगन में चमके तारे, दुनिया में वैसे ही चमके हम, ( 2)"
546,Yehovaye manadevudu – marpulenivadu,546,இயேசுவின் நிந்தையைச் சுமப்போம்,546,"आओ चलें, हम मिलकर चलें,"
547,Thana rajyamunaku mahimaku,547,என் மீட்பர் சென்ற பாதையில்,547,"ईश्वर के साथ सहकर्मी और, भगीदार हम को किया,"
548,Prabhuvuku thaginattu,548,இயேசுவின் சீஷர் நாம் ஏகிடுவோம்,548,क्या तू पहिला प्रेम अब छोड़ा है ?
549,Samadhanamu – devuni samadhanamu,549,பொருளாலே கனம்பண்ணு கர்த்தரை,549,"हे छोटे झुण्ड तू कभी भी मत डर,"
550,Yehova vimocincina vare,550,"இயேசுவே ! கல்வாரியில்,",550,"डरना नहीं मैं हूँ कहा है, ... उद्धारकर्ता यीशु प्रभु"
551,Devudehova divinci,551,பூவின் நற்கந்தம் வீசும் சோலையாயினும்,551,"भय अब नहीं है, हमें भय अब नहीं है,"
552,Yehovanu nammukonu manavulu,552,இயேசுவுக்கே ஒப்புவித்தேன்,552,"हम में डर है नही, अब से हम में डर है नही,"
553,Yudayandu deva,553,"திவ்ய அன்பின் சத்தத்தை, இரட்சகா",553,"सन्तों, नही डरना ... युद्ध है यहोवा का,"
554,Yehova davidu badhala,554,"நான் உம்மைப்பற்றி, இரட்சகா !",554,"पवित्र तुम बने रहना,"
555,Prabhu Yesu naa rakshakaa,555,"எந்தன் ஜீவன் இயேசுவே,",555,"यीशु प्रभु का साथ अब है, हिम्मत से हम बढ़ेंगे,"
556,Oh sarvashakhtudaa - naa satyadevudaa,556,அல்லேலூயா ஓசன்னா—துதி கனம் கர்த்தருக்கே,556,"तंग दरवाजे होकर कोई कोई चलता, (2)"
557,Neethimanthula praardhana,557,அர்ப்பணித்தேன் என்னை முற்றிலுமாய்,557,"मैं यीशु के नूर में साथ चलूंगा, दिन औ रात उसके पीछे मैं चलूंगा,"
558,Chetlu leni mettalandu,558,"உம் சித்தமே, ஆம், உம் சித்தமே!",558,"यीशु के पीछे पीछे चला जा रहा हूँ मैं,"
559,Devuni pradinchedamu daiva putruni,559,"எப்போதும், இயேசு நாதா,",559,"मैं तो यीशु के पीछे पीछे चलूंगा, 2"
560,Aakasha mahakaashambulu pattani,560,"என் ஜீவன், சுகம், செல்வம்",560,"है तेरे क्रूस में मेरी शरण, यीशु प्रभु  2"
561,Prabhuva paraloka - jeevagni nimmu,561,கர்த்தர் இயேசுவையே நான் பின் சென்றிடுவேன்,561,"यहोवा ने आश्चर्य काम किए हमारे लिए,"
562,Parishudda agnini pampu devaa,562,கிறிஸ்துவை நோக்கி முன்னேகிடுவேன் சீயோனின் யாத்திரையில்,562,हल्लेलूयाह  होशन्ना
563,Parishudda parishudda prabhu yesu,563,சர்வ வல்ல இயேசுவே உமக்கொப்படைக்கிறேன்,563,"उपकार की भेंट अपनी,"
564,Nee vaatma yuddamulo jaya mondumu,564,"தேவனே, நான் உமதண்டையில்",564,"तुम प्यारे प्रभु की सेवा में अपने को दान करो,"
565,Paramaaseervadamu kori,565,நான் உமக்கே சொந்தம்,565,"मेरा सब कुछ है प्रभु, आज मैं तुझे सौंपता हूँ,"
566,Shudda aathma digirammu,566,"நான் உம்மை முழுமனதால்,",566,"आभारी हूँ सिर मैं झुकाऊँ, जीवन अर्पण मैं करता हूँ,"
567,Yehovaaye aashcharya kaarayamulanu,567,நானும் என் வீட்டாருமோ வென்றால்,567,"भूल न जाना तू, न्याय के उस दिन को,"
568,Nimpumo prabhuvaa nannu,568,மீட்பரின் அழைப்பைக் கேட்டேன்,568,"उठो, जागो मसीहियों सुबह हो गयी,"
569,Devaa ninnu nenu viduvanu,569,லோகம் வேண்டாம் ஒன்றும் வேண்டாம்,569,जाओ ! जाओ ! हे मेरे चेलों करो प्रेम प्रचार  2
570,Karuninchi thirigi sama koorchu prabhuvaa,570,வேதநூல் ஓதிடும் நல்ல மேய்ப்பர்,570,"तुम यीशु के एलची हो, दुनिया को खुश खबरी दो"
571,Maa mora naalakinchumu,571,ஜீவியமே ஒரே ஜீவியமே,571,"इंजील मुकद्दस को दुनिया में फैला देंगे,"
572,Aatma deepamunu,572,நன்றியுடன் பணிகிறேன்,572,"मैं गुनाह की राह अब छोड़ता हूँ, जहाँ बहुत से लोग मरते हैं,"
573,Prabhuvaa nee kaaryamunu,573,"மயங்குந் தாசனை,",573,प्रभु यीशु के चरणों से भकट कर मैं किधर जाऊँ ? (2)
574,O Prabhuvaa ujeevamu nimmu,574,"உம்மண்டை, தேவனே,",574,"पीछे यीशु के चलूंगा ... चाहे दुःख में रास्ता हो,"
575,Paramatandri karamuleththi,575,விந்தைக் கிறிஸ்தேசு ராஜா!,575,"यदि यीशु पीछे जाता है तो प्राण जाने दे,"
576,Nimpumu O prabhuva,576,உம்மைப்போல் யாருண்டு,576,यीशु के पीछे कौन हो लेता ? ... अपनी सलीब कौन उठाएगा ?
577,Velugitchi naaku maargamu choopu,577,சிலுவையைச் சுமந்து சீராய் நடந்து,577,"जाओ, करो प्रचार जग में,"
578,Prabhu kummarinchu prabhu,578,"எழும்புங்கள் சோதரி, சோதரரே",578,मुल्क तो है मसीह उठो हो तैयार
579,Karuninchumu naa Yesuwa,579,தெரிந்தீர் சேனைகளின் கர்த்தரே காருண்யமாய்,579,"यीशु के सिपाही कदम तू बढ़ाए जा,"
580,Nee paada sannidiki - krupaamaya Yesayyaa,580,இப்பூமிக்கு எம்மைத் தேவா எம் தேவா,580,"हम सिपाही बादशाह के सब ही ... फतह पाते बढ़ते आगे,"
581,Adugudi meeru mana prabhu,581,எழும்பியே நீ பிரகாசி—உன் ஒளியே வந்தது,581,"हम हैं सिपाही यीशु के ... फतह में बढ़ते हैं आगे,"
582,Velledamu mari dhairyamutho,582,இயேசு கிறிஸ்துவின் நல் சீடராகுவோம்,582,"ताक मसीह की ओर तू दुःख से जो उदास,"
583,Prabhuva pampu varshamunu,583,அவர் அழைப்புக்களிப்பேன் பதில் 3,583,"यीशु को मैं सब कुछ देता ... सब कुछ अर्पण करता हूँ,"
584,Oh karunaanidhi mahaa prabhu,584,அன்பனே இயேசுவில் நிலைத்திரு—ஆவியின் கனிகொடு,584,"क्या मैं खाली हाथ से जाऊँ, अपने प्यारे यीशु पास ?"
585,Rakshakaa nan - marva boku,585,சிலுவை வீரரே நீங்கள் விரைவினில் போங்கள்,585,"प्रभु तेरा हूँ तेरे वचन से ... तेरा प्रेम पहचानता हूँ,"
586,Gaddiyalo nundi paru,586,"தங்கள் தேவனை அறிந்தோர் திடன் கொள்ளுவார்கள்,",586,"प्रभु मेरा जीवन ले ... तेरा हो यह अभी से,"
587,Aasheervaadambul maa meeda,587,எழும்பு ஜாமக்காரனே,587,"क्रूस के पास तू मुझे रख ... यीशु प्यारे त्राता,"
588,Preethigala mana Yesu,588,இருள் சூழும் காலம் இனிவருதே,588,"उठो ! मसीह के लिए ... हे क्रूस के योद्धाओं,"
589,Sarvashakthi yutudaa,589,மந்தையில் சேரா ஆடுகளே,589,"लड़ो तुम शैतान से ... कि हारतता है पाप,"
590,Oh praardhanaa su praardhanaa,590,கரை ஏறி உமதண்டை,590,"सेवा में, सेवा में हम नित तत्पर रहें,"
591,Yesu naa prabhuva,591,சத்ய வேதமான விதை காலை மாலை,591,"भोर के समय बोते ... दया रूपी बीज हम,"
592,Visugakunda nityamu - prardincha,592,"முயல்வோம் ! முயல்வோம் ! தேவ ஊழியரே,",592,"इंजील को फैलाना ... यह काम हमारा है, (2)"
593,Nee sannidhi cheritimi,593,ராஜாதி ராஜாவுக்கென்றே,593,"अनादि ईश्वर आश्रय है,"
594,Gunavanturaalaina ganamaina Streeye,594,அழைத்தீரே இயேசுவே,594,"धार्मिकता का सूरज उदय अब होगा,"
595,Jeevitha thrushnalanu - naadu,595,அறுவடை மிகுதி ஆளோ இல்லை,595,"धार्मिकता का सूरज उदय अब होगा,"
596,O Yehovaa neeve nannu,596,ஆசாரிய அழைப்பை அறிந்தே,596,"यात्री हूँ मैं जग में प्रभुजी, चलता हूँ मार्ग मैं तेरा,"
597,Devaa nee sannidhilo nilachi,597,இயேசுவுக்காய்த் தொண்டு செய்திடவே,597,"दुनिया के इस सफर में जब रहता,"
598,Praardhana vinedu devaa,598,இயேசுவுக்கு நமது தேசத்தைச் சொந்தமாக்கப்,598,"मसीह को देख कर, आगे बढूं मैं, सिय्योन के यात्रा में,"
599,Nenu velledanu meeru praardhanalo,599,உலகோர் உன்னைப் பகைத்தாலும்,599,"क्रूस पर से अपनी नजर न हटाऍं,"
600,Yedathegaka praardhinchumu,600,எழும்பு எழும்பு சீயோனே,600,"यर्दन नदी के पार चल ऐ मन मेरे,"
601,Vilapintuvaa Nehemyavale,601,கர்த்தர் தம் கிரியை செய்கிறார்,601,"चलो यर्दन पार मुसाफिर,"
602,Nenu thaggali yesu,602,கிறிஸ்து சபையே ஆயத்தப்படு,602,"उठो, जागो हे मसीहियो, यर्दन पास जाने को,"
603,Prardhinchumu nee jeevithamulo,603,திவ்ய விசேஷம் கூறும் !,603,"हम उस स्थिर नेववाले नगर की, बाट अब जोहते हैं,"
604,Prardhinchumu  priyuda prabhu,604,"நல் மீட்பர் பட்சம் நில்லும் ! ரட்சண்ய வீரரே,",604,"एक नगर तैयार है हमारे लिए,"
605,Yehova ni dikkunaku na atmanu ettucunnanu,605,நிலைமாற மாட்டேன் மருளவே மாட்டேன்,605,"फिर मैंने देखा नये आकाश और नयी पृथ्वी भी,"
606,Na sannidhini yehova - vedakumani,606,விண் கிரீடம் பெறப் போருக்கு,606,"प्रभु तेरा राज्य अटल है, नहीं टले सदा रहेगा"
607,Ahaa yemaanandam mahaa,607,விளைந்த பலனை அறுப்பாரில்லை,607,"यीशु का राज्य अटल है, वह हिलने का नहीं,"
608,Krupa kanikaramula maa,608,நான் உலக முடிவு மட்டும்,608,"स्वर्ग मेरा देश, स्वर्ग मेरा घर,"
609,Amoolya rakhtamu dwaaraa,609,கர்த்தருக்காக உழைப்போம்,609,"प्रकाशमय जो अद्‍भुत देश हव,"
610,Paapa samudramandu,610,நான்தான் பயப்படாதிருங்களென்றார்,610,"जाऍंगे उत्तम एक देश में जरूर, रहेंगे प्रभु के साथ हम जरूर, (2)"
611,Neeligaganaana velige thaarala,611,கர்த்தருக்குள் மகிழ்ந்திருப்பதே,611,"स्वर्गीय नगर सिय्योन, स्वदेश हमारा है,"
612,Viswaasa sahithamuganu,612,நாம் இயேசுவுக்கே சொந்தம்,612,"जगत, जीवन, मरण, भविष्य, सब कुछ तुम्हारा है,"
613,Jeevinchuchunnadu Yesu prabhu,613,இயேசுவை நோக்கிப் பார்த்தவர்கள்,613,"यीशु तुझ को भूल न जाऊँ, याद करूँ मैं पल पल में,"
614,Naa papamulanu kshaminchen,614,உலகம் ஜீவன் மரணமாகிலும்,614,"जीवन दिया मेरे लिए, जी उठा साथ रहने के लिए,"
615,Naa sankata dhukkamulella,615,இயேசுவை விசுவாசிப்போர்,615,"हर समय और हर हाल, सब परिस्थितियों में,"
616,Rakshana ounnatyamu,616,கர்த்தரைத் துதியுங்கள் அவர் நல்லவரே,616,"सभी समय, सभी समय, सभी समय आनन्द है,"
617,Parama jeevamu naaku nivva,617,ஆனந்தமே பரமானந்தமே—இயேசு,617,"प्रैय यीशु राजा को मैं देखूँ, काफी है,"
618,Naa hrudayamu vintaga marenu,618,சிறந்தே விளங்கும் சீயோன் வாசி சர்வாதிகாரி,618,"ख्रीष्ट है इस जीवन का एक उत्तम रखवाला,"
619,Hayananda sudinamu,619,தேவனின் தீர்மானம் —பக்தரே,619,"जलाल के बादशाह के सामने ... ताज पहिने हुए,"
620,Padivelalo priyuni - choochi,620,அன்பே அன்பே அன்பே,620,"जब दुःख मुसीबत हैं मेरे तमाम, और मुझको मिला आसमान में आराम,"
621,Ha! enta adbutaashcharya dinamu,621,எப்போதுமே எப்போதுமே,621,"सूर्य जहाँ अस्त उदय ... ख्रिस्त राज्य वहाँ करेगा,"
622,Maa kanugrahinchina daiva,622,பயப்படாதே சிறு மந்தையே,622,"जीबन में जब आंधी तुम पर चलती है, और निराशा आ घेरे जब, सब हो क्षय,"
623,Siyonuku thirigi cheralo,623,பரிசுத்தர்களாயிருங்கள் —தேவ,623,"आशा का मेरी दृढ़ आधार, ख्रिस्त का लहू और धर्म आपार,"
624,Nee saakshyamu edi,624,வல்லவர் இயேசுவின் மகிமை—பாடி,624,"मसीह का रक्त और धर्म अपार है मेरा सुन्दर धर्म सिंगार,"
625,Pallavarapu kondala paina,625,நீங்கள் உலகத்திற்கு வெளிச்சம்,625,"रक्षित मसीह की गोद में, रक्षित मसीह के पास,"
626,Suvaarthanu chaatimpa,626,விசுவாசிகளே விழித்தெழுங்கள்,626,"यीशु है मेरा, धन्य निश्चय ! मन में है देता आनन्द, विजय,"
627,Lemmu thejarillumu neeku,627,இதோ புதிய காரியம் செய்வேன் —இகந்தன்னிலே,627,"बादलों पर यिशु राजा जल्दी आता है, (2)"
628,Siluva veerulu meere,628,முன்னறிந்தீரே யேகோவா,628,बादल की सवारी कर के किसी दिन यीशु जरूर आएगा (2)
629,Thama devunerugu vaaru,629,நான் இயேசுவின் ஒளியில் நடக்கிறேன்,629,"महिमा के साथ यीशु राजा,"
630,Siluvanu mosi Ee lokamunu,630,பூர்ண இரட்சிப்பை அளிக்க,630,"बोलो जय, जय, जय, प्रभु यीशु की जय"
631,Karunan - erparachitivi sainyamula -,631,கண்டேனே கருணை சத்யம்,631,"यीशु राजा आएगा, फिरिश्तों के साथ आएगा,"
632,Lokamunaku nannu,632,"ஒப்பில்லாத திவ்விய அன்பே,",632,"प्रभु यीशु के आने के समय,"
633,Lellemmu sodaree sodarudaa,633,"தேவ சமாதான இன்ப நதியே,",633,"मसीह के उस दिन में प्यारे विश्वासी,"
634,Jai Jai Jai Jai Yesu Prabhu,634,"துன்பம் உன்னைச் சூழ்ந்தலைக்கழித்தாலும்,",634,"जब देखो निशानत भाइयो सब जग जाओ,"
635,Lelemmu sodaree sodarudaa velaaye,635,என் மேய்ப்பர் இயேசுகிறிஸ்து தான்,635,"देखो, देखो, उठो जागो, यीशु राजा आता है,"
636,Priyudaa prabhu Yesunaku,636,"பாதை காட்டும், மா யேகோவா,",636,"सजा पाऍंगे, हाँ जी, मार खाऍंगे, कुल गुनाहगार,"
637,Aalakinthunu aapilupunu,637,"இரட்சா பெருமானே, பாரும்,",637,"दुनिया के विश्वासी उठाए जाएँगे,"
638,Melkommu O kavali yesuni,638,"என் முன்னே தேவன் போகிறார்,",638,"देखो, देखो, कोई आ रहा है, कैसी महिमा मसीह आ रहा है,"
639,Cheekati kaalamu vachuchunde,639,எந்தன் ஆத்ம நேசரே,639,"यीशु शीघ्र ही फिर आएगा, सत्य ईश्वर की यह वाणी है,"
640,Nee priya prabhuni sevakai,640,"ஆசீர்வாதம் நாடி அன்பரை விட்டேன்,",640,"देखो निश्चय आता हूँ मैं, शीघ्र आ रहा हूँ मैं,"
641,Yesu Kristurri manchi,641,பரன் நமக்களித்துள்ள திருமறை உரைப்படி,641,"मसीह लेने उन्हीं को आता है, जो जयवन्त विश्वासी हैं,"
642,Mandalo cherani gorrelenno,642,நீங்கள் மிகுந்த கனிதருவதால்,642,"अब वह दिन निकट है, प्रभु आएगा, (2)"
643,Jaagraththa jaagraththa - Yesuditlu pilchun,643,விழித்தெழுவாய் நீ விழித்தெழுவாய்,643,"स्वर्गीय महिमा में, तेजोमय वस्त्र में,"
644,Repu maapu gooda ramyamaina,644,இயேசுவை இலக்காய் வைத்தே,644,"राजाओं का राजा, प्रभुओं का प्रभु,"
645,Odducheri nee yeduta nilchu,645,பூர்ண ஞான மடையுங்கள்,645,"हो तैयार, सन्तों सब, है पुकार,"
646,Erparachina paatranu raajaadhi,646,கர்த்தருக்கு பிரியமாக நீயுமே,646,"देख तेरा राजा आता है,"
647,Parvathamaa nee vepaati,647,நாங்கள் பயப்படோம்—என்றும்,647,"सिय्योन से राजा आ रहा, मन को सुधार लो,"
648,Oh prabhuvaa nee sevan,648,பயப்படமாட்டோம் நாங்கள் பயப்படமாட்டோம்,648,"यीशु शीघ्र आएगा, स्वर्ग से वो उतरेगा,"
649,Yehova sainyamulara ayana cittamun neravercu paricarakulara,649,அநாதி தேவன் உன் அடைக்கலமே,649,"अब तुम सब तैयार रहो, ख्रीष्ट यीशु आएगा,"
650,I bhuvipai paraloka vintaina janama prabhuyesu kristuvulo,650,யாருக்காய் வாழ்கிறாய் நீ ?,650,"तुरही का शब्द जो आकाश में होता, सामने यीशु को हम देखेंगे,"
651,Yehovaa nee krupaati shayamunu,651,ஆனந்தம் மகா ஆனந்தம—கிறிஸ்தேசுவில் ஆனந்தம்,651,"समय अब थोड़ा बाकी रहा, आनेवाला यीशु शीघ्र आएगा,"
652,Aanandinchedamu prabhu Yesulo,652,நீல மண்டல நட்சத்திரங்கள்,652,"यीशु आएगा, नरसिंगा ... जल्दी फूंका जाएगा,"
653,Jayamu jayamani chatinchedamu,653,அற்புத ஆசீர்வாதங்கள் ஆண்டவரே பொழிந்தீர் நீரே,653,"क्या तैयार हो जब कि दूल्हा, आएगा, आएगा ? (2)"
654,Mahimatho nindina maa raajaa,654,ஆ ! என் தோழர் வானில் சைகை,654,"यह है मेरी उम्मीद खुदावन्त आएगा,"
655,Prabhu Yesunake jayamu,655,ஆவியில் எளிமையுள்ளவர்கள்,655,"एक जलाली मुल्क तैयार है दूर वहाँ आसमान की ओर,"
656,"Melconumaa, melconumaa naa",656,"இயேசு என் அஸ்திபாரம், ஆசை எனக்கவரே,",656,"आमद देखो, आई मस्सेह की, आमद देखो आई,"
657,Unntha stalamulapai  nekkinchi,657,இயேசு என் இரட்சகர் என் பட்சமல்லோ,657,हमारा जीवन और तारणहार यीशु  (2)
658,Prabhuke stotramu mruthini,658,இயேசு நம்மோடிருக்கையில்,658,"ऐ जवानों ! अपनी जवानी में आनन्द करो,"
659,Jaya raaju jendaa yeththi,659,"இயேசுவின் அன்பில் மூழ்கவும்,",659,"अपने परमेश्वर के स्समने,"
660,Oh Yesu bhakhtulaaraa,660,இயேசுவின் நாமந்தரித்தோர்களே,660,"क्रूस ही तेरा निशान आगे बढ् ऐ जवान,"
661,Shodhanaku meeru chotiyyakudi,661,"இயேசுவை நான் நம்பி ஜீவியம் செய்குவேன்,",661,"तुझ को पहचाने दयालु यीशुजी,"
662,Adhikaaramu pondi yuntivi,662,"இன்ப துன்ப நேரத்திலும்,",662,"सेवा प्रभु की तुम करे ए जवानों आओ,"
663,Swaastyamuga nitchtivi,663,என் இயேசு ராஜா சாரோனின் ரோஜா,663,आगे बढ़ो ऐ जवानों ...
664,Jayamu pondumani Yesu,664,என்றென்றும் நிலைப்பது அன்பே,664,"अपने जवानी ए जवान तू,"
665,Kristesu siluvapai,665,கர்த்தர் என் மேய்ப்பரானவர்,665,"नन्हें मुन्ने बच्चों, आओ चलें,"
666,Kriste Ee jeevitamulo,666,கிறிஸ்தே நம் ஜீவியத்திற்கு,666,छोटी छोटी जीवन गाड़ी
667,Mana jeevitha manthayu,667,கிறிஸ்தேசு சிலுவையை நோக்கிப் பார்த்து,667,"छोटे बच्चों को दोस्त है यीशु,"
668,Yesu kristu ninna nedu,668,கீதம் பாடியே பாதையில் திடன் கொள்வோம்,668,"मेरा दिल है यीशु का बगीचा,"
669,Sukhadukkhaala yatra,669,செல்லுவோம் நாம் சேர்ந்து சென்றிடுவோம்,669,देखूंगा यीशु राजा को ...
,,670,தேவன் தம்மோடு நம்மை,670,"दुनिया में सब से प्यारी पुस्तक बाइबल, (2)"
671,Yesulo harshinchedamu,671,தேவனின் தீர்மானமே,671,"क्या ही बेशकीमत खजाना,"
672,Ella vela landu,672,நம் ஜீவியகாலமே போராட்டம் நிறைந்துள்ளதே,672,ईश्वर का सच्चा प्रेम मिलता है धर्म पुस्तक में  (2)
673,Aanandame manakilalo,673,நமது ஜீவியம் எல்லாம்,673,"खुदा के वायदे नहीं टलेंगे,"
674,Mahima raaju sannidin,674,பயப்படாதிரு நீயே யுத்தம் கர்த்தருடையதே,674,"हर एक वायदा मेरे लिए है,"
675,Dappigonina vaaralaaraa,675,பயப்படாதே பாரிலிப்போதே,675,"बरकत और इज्जत और जय तेरी हो,"
676,Daahamu gala,676,பிரபுவே இலக்கை நோக்கி,676,"मैं खुश हूँ और खुश हूँ, इसलिए"
677,Paapula rakshakudu,677,பூரிப்பாய் மகிழுவோம் கர்த்தருக்குள்,677,"खुशी खुशी मनाओ, खुशी खुशी मनाओ,"
678,Daatumu yordhanun,678,பெரியதும் நித்தியமான பூரண இரட்சிப்பிதே,678,"जीवन की रोटी हम खाते हैं,"
679,Dhanyudavu neevu,679,விழிப்பீர் வருவீர்,679,"जब मैं पाक कलाम सुनूं ऐ खुदा,"
680,Nootana aakaashamunu,680,கர்த்தனே எம் துணையானீர்,680,"फतह आगे है, फतह आगे है,"
681,Mana prabhu Yesu,681,நமது ஜீவனானவர்,681,"वह न छोड़ेगा, वह न छोड़ेगा,"
682,Ne bhraminchi nilchiti,682,யோர்தானைக் கடந்தே போ—யாத்ரீகா,682,"बोलो जय कि बोझ गिर गया,"
683,Prabhu Yesu kristuni,683,யோர்தான் நதியோரம் திகையாதே மனமே,683,मसीह की (जय ४)
684,Yordhannadi darina,684,திவ்ய ஐக்கியத்தில்,684,"मसीह के खून की जय,"
685,Krupaasimhaasa nundaa,685,வீசிரோ வானஜோதி கதிரிங்கே,685,"यीशु नाम की जय जय हो,"
686,Prabhuvaa nee  paripoornatha,686,எந்தன் உள்ளத்தில் விந்தை மாற்றமே 3,686,"हर एक यह बात जाने,"
687,Karunaa karudaa,687,என் பாவங்களையெல்லாம் மன்னித்தார்—கர்த்தர்,687,"यीशु के पीछे मैं चलने लगा,"
688,Unnatha gruhamunu,688,என்ன என் ஆனந்தம்! என்ன என் ஆனந்தம்!,688,"युग युग से तू एकसा, हे अद्भुत परमेश्वर,"
689,Mana pattanambadigo,689,நல்ல போராட்டம் போராடு,689,"प्रभु यहोवा बदलता नहीं, वह परमेश्वर है,"
690,Yesuvaa naa priyamaina,690,இரட்சண்யத்தின் மேன்மை,690,"ईश्वर से भेट करने (2), तैयार हो जा (2),"
691,Ninnu viduvanu nenu,691,எனக்காய் ஜீவன் விட்டவரே,691,"हे मनुष्य के सन्तान, तू इतना जान,"
692,Sarvonnathudu sarvaadhikaari,692,இயேசுவின் இரத்தத்தால் மீட்படைந்தோம்,692,"यीशु चरवाहा तू मेरा, भेड़ तेरी मैं,"
693,Velledam shresta desham,693,ஓ அற்புத அற்புதமான ஓர் நாள்,693,"भज ले, भज ले, प्रभु यीशु भज ले,"
694,Prakaashamaina aashcharya,694,என் பாவம் தீர்ந்த நாளையே,694,"सुन लो, सुन लो, ध्यान से सुन लो,"
695,Vaghdaanamulu pondudi,695,கேட்டாயா உன் மீட்பர் சத்தம்,695,"यरूशलेम की बेटी, सिय्योन की प्यारी बेटी,"
696,Neethi sooryundu,696,"அருள் நாதா ! ரட்சை செய்து,",696,"यीशु बिना सब सूना, क्या कभी तुम ने यह जाना ?"
697,Neethi sooryudu neepai,697,ஆஹா அதிசயம் பாரும்,697,"मैं तो बान्ध लिया है चलने का समान,"
698,Prabhuvaina kreestuni,698,இயேசுவே என்னை இரட்சித்தார்,698,"कब तक दो मन के रहेंगे ? पक्का निर्णय हमें करना है,"
699,Yesuni nityamu stutiyinchedamu,699,இயேசுவைப்போல சகாயஞ் செய்வார்,699,"हे पहरुआ क्या तू जानता है ? कोई तुझको पुकारता है,"
700,Anaadi devudu aashrayamu,700,உம்மாலேயன்றி ரட்சகா !,700,"अब ढाढ़स बाँधों, यीशु ने कहा है,"
701,Yesuni vaaghdaanamul,701,உலக இரட்சகரே தயாளர் நீரே,701,"यहोवा ही प्रभु और ईश्वर,"
702,Paravaasini ne jagamuna,702,என் ஆசைகள் யாவும் தீர்ந்ததே நேச இயேசுவில்,702,"हे इब्रहीम, इसहाक, और इस्राएल का ईश्वर जो,"
703,Prabhuvaa neeve nammakamaina,703,கர்த்தர் இயேசுவே மகிமை நம்பிக்கையாய்,703,"""मैं शीघ्र आनेवाला हूँ"", यीशु ने कहा,"
704,Devuni krupa nitya mundunu,704,காணாமற் போன என்னை,704,क्या तेरी गवाही? क्या है तेरा बलिदान?
705,Unnatha durgamu,705,கிருபையே ஆச்சர்யமாய்,705,"अपने प्रति सावधान रहो ... जागते रहो,"
706,Mimmunu nimpe melulathoda,706,"பாவப் பாரம் நீக்கப்பட்டு,",706,"प्यारा दूल्हा प्रभु यीशु आनेवाला है,"
707,Yese manakila swaastyamu,707,மீட்பர் மரித்த குருசண்டை,707,"हल्लेलूयाह, गाऊँगा ... स्तुति तेरी करूँगा,"
708,Yehovaaye manakandariki,708,இயேசுவை ஏற்றுக் கொண்டேன்—தேவ புத்திரனுமானேன் 2,708,"हे प्रभु तेरे संग मुझे रहना है,"
709,Mammun shrujinchina devundu,709,நான்தான் பயப்படவேண்டாம் என்றுரைத்தார் 2,709,"पूर्ण हृदय से धन्यवाद, चढ़ाता हूँ मैं प्रभु को"
710,Shree Yesu raajyamundunu,710,மகிழ்வோம் மகிழ்வோம் தினம் அகமகிழ்வோம்,710,"सारी सृष्टि के मालिक तुम ही हो,"
711,Yesu neethi rakhtamenu,711,நம் கர்த்தராம் கிறிஸ்துவுக்குள்ளே நன்மைகள் எவ்வளவோ,711,"दे देगा यीशु है नजात, ... सुन पापी बन्दे,"
712,Yesoo nee rakhta neethulu,712,சந்தோஷம் பொங்குதே 2,712,"यीशु के पीछे पीछे चला जा रहा हूँ मैं,"
713,Yesu naavaadini,713,நான் பிரமித்து நின்று பேரன்பின்,713,"प्रभुजी तेरे काम को ... पूरा तू कर दे हम में,"
714,Shrungaara deshamu,714,ஆண்டவர் இயேசுவில் ஆர்ப்பரிப்போமே,714,"महिमा की आशा यीशु प्रभु है,"
715,Yesuni chetulandu yesuni,715,தீவினை செய்யாதே மா சோதனையில்,715,आनन्द से स्तुति करूँ
716,Antyadinamandu doota boora,716,ஜெய ராஜ கொடி ஏற்றிக் காட்டியே,716,"तेरा प्रेम कितना अपार है, वर्णन के बाहर है मेरी,"
717,Oho Yerooshalemaa,717,மகிமை நிறைந்த மன்னவனே,717,"उदय हुआ दिव्य रक्षक, घोर अंधकार के इस लोक में,"
718,Shree yesu swaamy thirigi,718,உயர்ந்த ஸ்தலங்களின் மேல்,718,"प्रभु यीशु का ग्ण मैं तो गाऊँ,"
719,Yesoo nin joothu,719,யேகோவா நின் க்ருபை அதிசயங்களை,719,"यीशु का नाम मनोहर है, कितना वह मधुर भी है"
720,Nene bhayapada valadani,720,ஜெயங்கொள்ளுங்களென்று இயேசு உரைத்தார்,720,"तेरे कूजूर यीशुजी मैं आया आनन्द शान्ति पाने को,"
721,Priya Yesu raajunu,721,தேவனுக்கே துதி மரணத்தை வென்றார்,721,"प्रभु का धन्यवाद करूँगा, उसकी संगति में सदा रहूँगा,"
722,"Lendi randi, bhaavi",722,சுதந்தரமாய் சகலத்தையும்,722,"यह जीवन यीशु के लिए बलिदान तुझे करना है,"
723,Yesu prabhuve mahima,723,ஜெயங்கொள்ளுகிறவன் தேவகுமாரன்,723,"मंदिर में तेरे जो निवास करते, धन्य हैं, धन्य हैं,"
724,Prabhoo nee vaadanu,724,ஜெயங்கொள்ளுவோரை கொண்டு போக,724,"क्रूस के पास आओ, क्रूस के पास आओ ... २"
725,Paralokamu naa deshamu,725,ஜெயங்கொள்ளுகிறவனே,725,"जवान सिपाही तू मलायुद्ध कर,"
726,Naa korikalu theeripoye,726,உலகில் பிரிக்கிறவைகள் எவை—நம்மைக்,726,"तू मेरा दयालु है, मैं तेरी करुणागत हूँ"
727,Eduru choochedamu dhruda,727,இயேசு கிறிஸ்தே நல்லவர்,727,"प्रभु यीशु के पास आओ, तेरा बोझ सब उठा लेगा,"
728,Prabhu raajyam nishchala,728,அளவில்லா மீட்பே அன்பின் ஆழியே!,728,अर्पण करता प्रभु यह जीवन तेरे ही सामर्थी हाथ में
729,Nishchalamainadi Yesu raajyamu,729,பாக்கியவான் சதா பாக்கியவான்,729,"चल रहा था मैं इस जंगली राह में,"
730,Prabhuvaa guri yoddake,730,உன்னத துருகமே—என் தேவனே,730,आनन्द से प्रभु तेरी कृपा सभी
731,Kristhese mana mahima,731,நிரப்பினார் நம்மை நன்மைகளினால்,731,आराधना करूँगा मैं स्तुति करूँगा तुझे भजूँगा
732,Prabhuvaina kristulo thandri,732,நீதியின் சூரியன் நம்மேல் உதிக்கும்,732,"ईश्वर जिस का रचनेवाला, बनानेवाला भी है,"
733,Parvathamulu tholagi,733,நீதியின் சூரியன் உங்கள்மேல் உதிக்கும்,733,"ख्रीष्ट के प्रेम को याद करता हूँ, आभारी हो झुकता हूँ,"
734,Devudu deniki shilpiyunu,734,பிரபுவே உம் பரிபூரணத்தினின்று,734,"गुण तेरे प्रभु मैं तो गाऊँगा,"
735,Yesu prabhuva neeve,735,தாகமுள்ளோரெல்லாம் வாரும்,735,"धन्य धन्य प्रभु यीशु स्तुति तेरी हो,"
736,Neevu denini vedakuchunnaavu,736,தாகமுள்ளோர்களெல்லாரும்,736,"जीऊँगा मैं प्रभु तेरे लिए,"
737,Yesu nee swaroopamunu,737,எல்லா நேரத்திலும் பொல்லா காலத்திலும்,737,"अनुग्रहकारी प्रिय प्रभुजी, तेरी शरण में हम आते हैं"
738,Nee Mandiramunandu,738,பாவிகளின் இரட்சகன் இயேசு,738,मुक्ति दिलाये यीशु नाम
739,Nammadaginavadavu  nemmadini,739,எங்கள் இருதயங்கள் களிகூரும்,739,"आओ हम बनाएँगे, गिरी हुई दीवारों को,"
740,Yehova naina nenu marpuleni,740,பரதேசி யானேன் கர்த்தாவே பாரில்,740,"हे विश्वासयोग्य ऐ प्रेमी मसीह, प्रभु दिल से, तुझको सराहते हैं,"
741,Yesuni rajyamu adi nischalamainadi,741,இயேசுவே உம் வாக்குகளை—எப்போதும் நினைவுகூர்ந்து,741,"चलते चलो आगे बढ़ो सारे,"
742,Sthuthiyinthumu yesu prabhu,742,தேவகிருபை என்றுமுள்ளது,742,"ऐ मेरे मसीह ये जीवन तू ले, तेरे हाथ में सदा तू यह रख ले,"
743,Jeevamu nitcheda jeevaadhi pathiki,743,இயேசுவேயென் நேசமுள்ள ஆத்மநேசரே—என்னை,743,"देखो दिन वह आया प्रभु पास चले,"
744,Naa naadhudaa naa yullamichiti,744,கர்த்தராம் இயேசுவே நமக்கு,744,"मैं घटता जाऊँ यीशु तू बढ़ता जाये,"
745,Yesoo naa siluvan,745,இயேசுவே நம் சுதந்தரம்,745,"मुझे याद है मुझे याद है, तेरा आना याद है,"
746,Naa yesu maargamanduna,746,மன்னன் முன்னே நிற்போம் நாம் பொன்முடி சூடி,746,"दिन दिन और महीने सालों के साल बीताते चेले आए हैं,"
747,Trithwa marmamu nerigina,747,என் ஜீவன் போகும் நேரம் சமீபம் வந்ததே;,747,"यीशु फिर से आ रहा है,"
748,Devayaatma bhasuraagni,748,என்றும் கர்த்தாவுடன்’,748,प्रभुजी निशाने की ओर मैं दौड़ा चला जा रहा हूँ
749,Prabhuni darshanam,749,நிச்சயமாய் நான் உன்னை ஆசீர்வதிப்பேன் 2,749,"प्रभु यीशु तारणहार, दृष्टि तू दे मुझे,"
750,Priya Yesuni sainya veerulamu,750,"பேரின்ப தேசம் பாடுவேன்,",750,"पावन है वह प्रभु हमारा, उसकी जय जयकार करो,"
751,Yaajaka dharamamu nerigi,751,மேலோகத்தை நாடுகிறோம்,751,सेवा करना तू सिखा दे
752,Yesuni nindanu bharinchi,752,மெய் பக்தரே! நற்செய்தி கேளும்!,752,"राजाओं का राजा, प्रभुओं का प्रभु,"
753,Yesuni shisyulamu yegudamu,753,"என் மீட்பர் இரத்தம் சிந்தினார்,",753,"हे रब्बा ... हे पिता ... मेरा मीरास तू है,"
754,Yesu kriste sajjanudu,754,"இயேசுவின் கைகள் காக்க,",754,"हे यीशु तेरे प्रेम को, मैं स्मरण करता हूँ,"
755,Manassaara kruthajnatha liduchu,755,இயேசுவை நம்பிப் பற்றிக்கொண்டேன்,755,यीशु तेरे चेहरे को देखता रहूँ
756,Ee jagatiki jyotini nenu,756,"பொன்னகர் இன்பத்தைப் பெற்றிடுவோம்,",,
757,Nee siluve naaku sharanu,757,பகலோன் கதிர்போலுமே,,
758,Ne nee vaadanai,758,பரிசுத்தர் கூட்டம் இயேசுவைப்போற்றி,,
759,Naadu praanamu prabho,759,செல்லுவோம் பரம தேசத்திற்கு,,
760,Yesu prabho neeku,760,புதியவானம் புதிய பூமியையுமே கண்டேன்,,
761,Naa rakshakuni vembadinthu,761,அதிசயமான ஒளிமய நாடாம்,,
762,Naa Yesu noppukonanu,762,மகிழ்வோம் இயேசுவில் மகிழ்வோம் பரன்,,
763,Silvachentha nesuvaa,763,உன்னத வீட்டைச் சீக்கிரம் சென்று,,
764,Prabhu yesuni nenu,764,மா சாலேம் சொர்ண நாடு பால் தேனாய் ஓடிடும்,,
765,Naa sarvamaina,765,அஸ்திபாரங்களுள்ள நகரத்திற்காய் நாம்,,
766,Youvanudaa santosha,766,இயேசு இரட்சகா உமக்கே மகிமை,,
767,Kraistava jeevitam,767,எண்ணில்லாத கூட்டமாக,,
768,Atma niyamamu dwara,768,எருசலேம் நான் ஆசிக்கும்,,
769,Paralokame na swasthyamu,769,என்ன அழகான நகரம் அது,,
770,Daivadaasulara meeru dheekshathoda rarandi,770,என்ன சுகம் ஆ!ஆ! என்ன சுகம் என்,,
771,Yehova nee gudaramu - praminchuchunanu,771,என்றுமே நிலைத்திடும் இயேசு ராஜ்யமே 2,,
772,Youvanudaa santosha paduma,772,கர்த்தரின் ராஜ்யம் அசையாதது,,
773,Manaku jeevamaiyunna,773,நம் வாசஸ்தலம் அதுவே,,
774,Nee devuni sannidini,774,நூதனமான எருசலமே பரிசுத்த பட்டணமாம் 2,,
775,Siluve nee gurigaa,775,பரலோக நாட்டினின் வாழ்வினிலே,,
776,Meeremi vedakuchunnaru,776,பரலோக நாட்டினுள் ஏழை செல்ல,,
777,Youvvanulaaraa mee youvanamul,777,பரலோக நாடெந்தென் இன்ப நாடாமெனக்கு,,
778,Dayagala Yesu prabhoo,778,பரலோகமே என் சொந்தமே,,
779,Prabhuni seva jeyarammu,779,பரலோகமே என் தேசமாம்,,
780,Halleluya hosanna,780,பரிசுத்த பட்டணமாம் புதிய எருசலேம்,,
781,Kristu mimmulanu,781,வானில் அல்லேலூயா கூட்டமொன்றுண்டு,,
782,Evaru jayinchedaro,782,இன்ப இயேசு ராஜாவை நான் பார்த்தால் போதும்,,
783,Mahaa devundu,783,தயவுள்ள இயேசுவே உம்மை,,
784,Stotram stotramu devadi,784,வாலிபத்தில் சிலுஷ்டிகரை நினை,,
785,Prabhuvuku thaginattu,785,எழுந்திடுவீர் நீர் வாலிபரே நாமும்,,
786,Paramavarudu yesu prabhuvu ranai,786,வாலிப நாளில் உன் தேவனை தேடி ஓடி வா,,
787,Oppukonti oppukonti - na tappidamulann,787,கர்த்தர் ஊழியத்தை செய்ய வாலிபனே வா,,
788,Sampurna gnanamu kaligi atmaphalamu,788,காணும் நான் இயேசு ராஜனை,,
789,Ata patala cheta - atu itu tirigedi,789,நான் ஜீவ பயணம் போகிறேன்,,
790,Devuni nija prema,790,"இயேசுவண்டை சேருவோம் ஒளியில் ஒளியில்,",,
791,Grandha vaaghdhaanamulanni,791,இயேசுவண்டை சேரில்,,
792,Ashrestambou - grandhamulo,792,தேவனின் மெய்யன்பு வேத புஸ்தகத்திலுண்டு,,
793,Patihmpa shresta,793,சின்னஞ்சிறு உள்ளமே நீ,,
794,Aanandam naa kaanandam,794,எந்தன் ஆத்தும நேசரே நான்,,
795,Yesune stutinchu,795,சர்வ சிருஷ்டிக்கும் எஜமான் நீரே,,
796,Vinthaina Yesu rakshakundu,796,என்னன்டை வந்திடாயோ பின்பற்றி வந்திடாயோ (2),,
797,Naadu pranamaa,797,கர்த்தர் இயேசு எந்தன் ஜீவன் அவர்,,
798,Stuthi ghanatha mahima,798,பாவமன்னிப்பால் பரலோகமே,,
799,Halleluya aa,799,கிறிஸ்துவ ஜீவியம் மெய் பாக்ய ஜீவியம்,,
800,Naakaanandam kaaranambide paapa,800,நான் சீக்கிரமாய் வருகிறேன் கர்த்தர் இயேசு சொன்னார் 2,,
801,Adbutha shakhti kaladu,801,உன்னுடைய சாட்சி என்ன? உன்னுடைய பலி என்ன? 2,,
802,Nee jeevitha naavalo kristunu,802,அல்லேலூயா பாடுவேன் பிரபு இயேசும்மைத் துதிப்பேன்,,
803,Yesu theerche naa,803,நான் கர்த்தர் நான் மாறாதவர்,,
804,Krupa chetha rakshinchenu,804,ஆத்துமாதாயம் செய்ய நீயே,,
805,Poyenu poyenu poyenu,805,மங்கா தேவ நதி தண்ணீர் நிறைந்ததே,,
806,Yesuni vaakku nityamu,806,இயேசுவைப்போல் அழகுள்ளோர்,,
807,Nee dharma shaastramulo,807,எந்தன் அன்புள்ள ஆண்டவரே,,
808,Entha adbutha dhanamu,808,தூயாதி தூயவரே,,
809,Aayan aashcharya karudu,809,சிலுவையினிடம் வா 2,,
810,Paapamun dukkhamunu,810,என் இயேசுவின் சத்தம் கேட்டு,,
811,Daagi yundu nee aashrayamandun,811,நான் உன்னை என்றும் கைவிடுவதில்லை,,
812,Daiva prema nityamu,812,துதிக்கப்படத்தக்கவரே,,
813,Nitya deva jeevaatma naapai,813,தேவ தேவனைத் துதித்திடுவோம்,,
814,Balamu nichchu yesuche,814,எனக்காக இயேசு எனக்காக,,
815,Yehovaa koraku yeduruchuchuvaru,815,எண்ணில்லா நன்மைகள் செய்தவரை,,
816,Aatmala chentaku nadupu,816,பயப்படாதே சிறு மந்தையே,,
817,Yoodha yentho deva prasidhudavoo,817,முள்முடி சூடிய ஆண்டவர்,,
818,Chetun adbutha manenu,818,விழித்தெழு விசுவாசியே நீ,,
819,Stutinchu naa praanamaa,819,இயேசு பிரபுவின் ஆலோசனைகள்,,
820,Mahima ghanatha stuthi stotramu,820,உம் ஆலயத்தில் வசிக்கும் யாவரும்,,
821,Aayana naamamu aashcharyudu,821,தம்புரு வீணையோடும் நம் தேவனை ஆராதித்திடுவோம்,,
822,Aashcharya maashcharya mesu naaku,822,அன்பின் மனுவுருவாய் ஜெனித்த,,
823,Ninna nedu nitya kaala,823,இன்றே வருவாய் இயேசுவண்டையில்,,
824,Aanandaanandamu - mahadaanandamu,824,ஆனந்தம் எனக்கு கிடைத்தது,,
825,Aashcharya aashcharya,825,சீயோனில் என் திட அஸ்திபாரம் கிறிஸ்துவே,,
826,Halleluyaa Yesuku - calvarypai mrutudu,826,உன்னை அழைக்கும் இயேசுவின்,,
827,Sarva Janulara Devuni,827,யேகோவாவாகிய நான் மாறதவராய் இருப்பதினால்,,
828,Halleluya Hosanna,828,வாக்கு மாறாத தேவரீரே,,
829,Nedu meeru koru konudi,829,வாக்கு மாறா வல்ல தேவன்,,
830,Yesuni sannidhi entho aanandam,830,காணாமல் இயங்கிடும்,,
831,Thoorpuna padamara,831,எந்தன் ஜெபவேளை உம்மை தேடிவந்தேன்,,
832,Naa yedalon naa yedalon,832,கர்த்தாவே உம் அருள் கண்டேனே,,
833,Nallanidi naa paapa hrudayam,833,எனக்கு ஒத்தாசை வரும் பர்வதம்,,
834,Yesu kristu aayane,834,சர்வ வல்லமையுள்ள என் தேவாதி தேவனே,,
835,Ahaa ahaa idigo marala,835,கல்வாரி அன்பை எண்ணிடும் வேளை,,
836,Aidu rottelu chepalu rendu,836,ஜோதி தோன்றும் ஓர் தேசம் உண்டு,,
837,Oh devuniki mahima,837,இயேசு கிறிஸ்துவின் அன்பு என்று மாறாதது,,
838,Vaaru gorrepilla rakhtamunu,838,கல்வாரியின் கருணையிதே,,
839,Mahadevuda nive,839,அந்த நாள் இன்ப இன்ப இன்ப நாள்,,
840,Devuḍu chesina paniyaiyunnāmu,840,இயேசுவின் குடும்பம் ஒன்று உண்டு,,
841,Prabhuvaina kristuku dasulara,841,இந்தக் கிருபை தேவன் தந்த கிருபை,,
842,Devudu mimmunu yerparacukonenu,842,அன்பர் அன்பை யாரால் கூறலாம்?,,
843,"Devudu manalanu yerparachukonnadu, dhupambu veyutaku paricarya cheyutaku",843,சிங்கார மாளிகையில் ஜெயக் கீதங்கள் பாடிடுவோம்,,
844,Akasamandu - nivundaga,844,நித்திய மோட்சானந்த மகிமையை நினைத்தாலும் முடியாது 2,,
845,Anandamu prabhu nakosagenu,845,"தம் கிருபை பெரிதல்லோ,",,
846,Aha anandame - paramanandame,846,பலிபீடத்திலென்னைப் பரனே,,
847,Idigo manuṣyula madhyana devadi,847,தேவ சாய லாக மாறி,,
848,Varnimpalenu vivarimpalenu yesayya,848,எண்ணில் அடங்கா ஸ்தோத்திரம் 2,,
849,Na prana priyuda - ninne stutintun,849,அழகாய் நிற்கும் யாரிவர்கள்,,
850,Vevela stutulato aradhinceda prabhuva,850,எந்நாளுமே துதிப்பாய்,,
851,Manava marali ra prabhu centaku,851,தேவனின் ஆலயமே பரிசுத்த ஆலயமே,,
,,852,தேவனோடே நடப்பது என்ன சிலாக்கியம்,,
,,853,உறக்கம் தெளிவோம் உற்சாகம் கொள்வோம்,,
854,Bhudigantamula nivasulara,854,கர்த்தர் வருகையிலே அவரைச் சந்திக்க நீங்களும் சித்தமா?,,
855,Nammadagina ma deva parisuddhuda,855,ஆண்டவர் இயேசு தம் ரத்தம் சிந்தி,,
,,856,இயேசு திரும்ப வருவார்,,
857,Vijayulam - ghana vijayulam,857,உன்னதமான உம் அன்பை,,
858,Ponduunnamu - atyadhika,858,கூடுவோம் கூடிடுவோமே,,
859,Prabhu yesukristu aisvaryamu,859,மகிமையின் தேவனே நமக்குண்டு,,
860,Idigo i manusyudu - devuni kumarudu,860,கர்த்தர் வெளிச்சம் ரட்சிப்புமானவர்,,
861,Arbhatamutonu prabhavamutonu,861,உனக்கொரு நண்பன் இல்லை என்று,,
,,862,தொடும் என் கண்களையே,,
863,Parisuddha sthalamu - ati parisuddha,863,அன்பராம் இயேசுவை பார்த்துக் கொண்டு,,
864,Kristesu prabhuni visvasulamuga,864,சோராதே என் மனமே,,
865,Arpintu prabhuva na jivitam,865,காணாத ஆட்டின் பின்னே கர்த்தர்,,
866,Nammadagina deva - ninna nedu niratamu,866,முதூகலம் நிறைந்த நன்னாள்,,
867,Devuni ascaryakaryamulanu andaru,867,லேசான காரியம் உமக்கது லேசான காரியம்,,
868,Yee bhuvipai paraloka vinthaina,868,நன்றியால் துதிப்பாடு உன் இயேசுவே,,
869,Nannu preminchi na koraku-Church Promise,869,சிலுவையின் நிழலில் அனுதினம் அடியான்,,
870,Ujjeevamu nimmu,870,இலக்கை நோக்கி தொடர்கிறேன் இலட்சியம் என் இயேசுவே,,
871,Gunatisayamula ne padedanu,871,என் மன கண்களை திறந்து,,
,,872,உயரவானத்திலாகிலும்,,
,,873,மான்கள் நீரோடை வாஞ்சித்து,,
,,874,என் தேவன் என் வெளிச்சம்,,
,,875,நிகரே இல்லாத சர்வேசா,,
,,876,கர்த்தரை நம்பியே ஜீவிப்போம்,,
,,877,யார் யார் வாழ்விலே,,
,,878,"மகனே, உன் நெஞ்செனக்குத் தாராயோ?",,
,,879,இயேசுவே உம் முகரூபம் பார்த்துக்கொண்டே,,
,,880,காலத்தின் அருமையை அறிந்து,,
,,881,இயேசுதான் லோக இரட்சகர் வேறு யாருமில்லை,,
,,882,ஆராதித்தே மகிழ்வோம்,,
,,883,"மெய்வழி இயேசுவே சத்தியம், ஜீவனும்",,
,,884,என்நேசரே பாவியின் மீட்பரே பிரபு இயேசு (2),,
,,885,அன்பின் தேவன் இயேசு,,
,,886,இயேசுவே உம்மைப்போலாக,,
,,887,தேவ சித்தம் நிறைவேற என்னையும் ஒப்படைக்கிறேன்,,
,,888,யார் வேண்டும் நாதா நீரல்லவோ,,
,,889,எண்ணி எண்ணி துதி செய்வாய்,,
,,890,எந்தன் அன்புள்ள ஆண்டவர் ஏசுவே நான்,,
,,891,கல்வாரி சிநேகம் கரைத்திடும் என்னை,,
,,892,சிலுவை சுமந்தார் உன் ஆண்டவர்,,
,,893,எந்தன் உள்ளம் தங்கும் இயேசு நாயகா,,
,,894,தேவா உம் சாட்சி நான் தினம்,,
,,895,உம்மைப் பாடாத நாவும்,,
,,896,பெலனற்ற பாத்திரம் நானே,,
,,897,சாலேமின் ராஜா சங்கையின் ராஜா,,
,,898,நன்றி யேகோவாயீரே! பணிந்து போற்றுகிறேன் (2),,
,,899,என் இன்ப துன்ப நேரம்,,
,,900,"மகனே, உன் நெஞ்செனக்குத் தாராயோ",,
,,901,இஸ்ரவேலே உன்னை நான் எப்படி கைவிடுவேன்,,
,,902,நீ எம்மட்டும் இரண்டு நினைவால் (2),,
,,903,எலியாவின் தேவன் நம் தேவன்,,
,,904,யேகோவா நமக்காக பெரிய காரியங்களை 2,,
,,905,மங்களமான இந் நன்னாளிலிருந்து,,
,,906,வானமே செவிகொடுத்திடு (2),,
,,907,எங்கள் விண்ணப்பங்களைக் கேளும்,,
,,908,விழித்தெழுவாய் விழித்தெழுவாய் என் ஆத்துமாவே,,
,,909,துதிசெய் துதிசெய் கர்த்தர் இயேசுவையே துதிசெய் (2),,
,,910,ஆ ! ஆனந்தமே ! அகமகிழ்ந்தாடிடுவேன்,,
,,911,இப்புவி யாத்ரையில் நான் நடக்கையில் (2),,
,,912,இயேசு உன்னை அழைக்கிறார் ஓடிவா (2),,
,,913,என்னைத் தந்தேன் உமக்கென்றே என்றென்றுமாய் வாழவே 2,,
,,914,காத்திரு என்றென்றும் கர்த்தருக்கே,,
,,915,நாட்டும் என்னை உம் தோட்டத்தில்,,
,,916,பெத்தானியாவிற்கு வந்திடுமே (2),,
,,917,போற்றி துதிசெய் என்றும் இயேசுவை (2),,
,,918,மனதார பாடிடுவேன் என் தேவ தேவனையே (2),,
,,919,விண்ணின் சுதந்தரத்தை,,
,,920,மகிமை நம்பிக்கையாம் நம் கர்த்தர் இயேசு,,
,,921,அல்லேலூயா துதித்து புகழ் பாடுவேன் 2,,
,,922,என் இதயம் பாருக்கு தெரியும்,,
,,923,தேவனே நீர் கண்ணோக்கும் என்னை,,
,,924,இயேசுதான் லோக இரட்சகர் வேறு யாருமில்லை,,
,,925,உமது அன்பு எத்தனை அற்புதமே,,
,,926,உம்பிரசன்னம் நாடி வந்தேன்,,
,,927,எத்தனை தயவு என் மேல்,,
,,928,கலங்காதே மனமே உன் இயேசு இருக்கிறார்,,
,,929,ஞானவான்கள் ஆகாயத்தின்,,
,,930,உன்னை தான் கேட்கிறேன் (2),,
,,931,பரம எருசலமே பரலோகம் வீட்டிறங்குதே,,
,,932,பலபடுத்தும் எந்தனையே,,
,,933,நானோ சிறுகனும் இயேசு நீரே பெருகனுமே 2,,
,,934,வாலிபனே உன் இளமையிலே சந்தோஷித்தாலும் (2),,
,,935,வாலிப காலத்தை வீணாய் கழிக்காதே (2),,
,,936,தேவா பிரசன்னம் தாருமே,,
,,937,குயவனே குயவனே,,
,,938,திருகரத்தால் தாங்கி என்னை,,
,,939,ஆதி மெய் தேவனே உம்,,
,,1001,அதிசயமவரின் நாமமே,,
,,1002,அநேக மாயிரம் பொன்னைப் பார்க்கிலும்,,
,,1003,"அலலேலூயா, அலலேலூயா, அலலேலூயா,",,
,,1004,அலலேலூயா ஆ ஆ ஆமென் அலலேலூயா,,
,,1005,அல்லேலூயா இயேசுவே,,
,,1006,அவர் அதிசயமான வரே (2),,
,,1007,அவரே மீட்பரே அல்லேலூயா கூரே,,
,,1008,அற்புத அற்புத இயேசு யாருமுமக் கொப்பில்லை.,,
,,1009,அற்புத அற்புத இயேசு எனக்கு,,
,,1010,அன்பாகவே வையும்,,
,,1011,"ஆத்மாவே துதி, கர்த்தரைத் துதி",,
,,1012,ஆழியின் அகலம் ஆகாயத்துயரமாய்,,
,,1013,ஆனந்தமே கொள்ளானந்தம் ஆனந்தமே,,
,,1014,ஆனந்தம் பேரானந்தம்,,
,,1015,இக்கட்டின் நாட்களுக்கேற்ற,,
,,1016,"இயேசு என்னும் நாமத்தில், இயேசு என்னும் நாமத்தில்",,
,,1017,இயேசு நாமம் நாமம் இனிய நாமம்,,
,,1018,இயேசுவின் அன்பு பொங்கு தென்னிலே,,
,,1019,இயேசுவினழ கென்னில் காணட்டுமே,,
,,1020,இயேசுவின் இரத்தத்தினால்,,
,,1021,இயேசுவின் பின்னே போகத் துணிந்தேன் (3),,
,,1022,இயேசுவின் வாக்கு நித்தியமாமே,,
,,1023,இயேசுவேயென் அதிசய இரட்சகர்,,
,,1024,இயேசுவை நம்பு சோராதே,,
,,1025,இயேசுவோடு செல்ல,,
,,1026,"இரத்தத்தால் ஜெயம், இரத்தத்தால் ஜெயம்",,
,,1027,இன்ப இயேசு என் மதுரம்,,
,,1028,"இன்பமெனக்குண்டு காரணமுண்டு,",,
,,1029,இன்றே ! இன்றே ! கிறிஸ்தேசு வாழ்கிறார்,,
,,1030,உம்மில் மறைவேன் என்புகலிடமே,,
,,1031,உளையான சேற்றினின்றெடுத்தார்,,
,,1032,எவருமறியட்டும் எவருமறியட்டும்,,
,,1033,"எழுப்புதல் அனுப்பும், எழுப்புதல் அனுப்பும்",,
,,1034,எழுப்புதல் அனுப்பும் (3 தரம்),,
,,1035,என் அன்பராம் நண்பராம் இயேசு,,
,,1036,என் இயேசுவால் ஆகாததொன்றுண்டோ? 2,,
,,1037,என் கண்ணே நீ காண்பது என்ன என்ன ?,,
,,1038,என் தீபத்திற்கு எண்ணெய் தாரும்,,
,,1039,என்ன அற்புத பொக்கிஷம்,,
,,1040,என்னுள்ளத்தில் சந்தோஷ இன்பமுண்டு,,
,,1041,என்னுள்ளம் தேவன்பால் பொங்கிவழியுதே,,
,,1042,ஓ ! தேவனுக்கு மகிமை தூக்கி எடுத்தார்,,
,,1043,கடனில்லையாம் தீர்ந்து போயிற்றே,,
,,1044,கர்த்தருக்கு பாத்திரராக நடந்து வாழுங்கள்,,
,,1045,கர்த்தாவே இந்தாகாரமே,,
,,1046,கிருபையாலே இரட்சித்தீரே,,
,,1047,கீதம் பாடுவோம் வேதம் வாசிப்போம்,,
,,1048,கெத்செமனேயின் கோரம்,,
,,1049,கொண்டு போம் ஓர் ஆளிடம்,,
,,1050,"செய்வேனென்றார் அற்புதம்,",,
,,1051,சோர்ந்து போனாயோ? இல்லை இல்லை,,
,,1052,தட்டித் தட்டியே நிற்கிறார்,,
,,1053,தினந்தோறும் கட்டுகிறோம்,,
,,1054,"துதி, கனம் மகிமையுமக்கே",,
,,1055,துள்ளி துள்ளி ஓடும் மான்கள் இங்கும்,,
,,1056,"தூய தேவா திரியேக தேவா நீர் வாரும் நீரே வாரும்,",,
,,1057,தெய்வ அன்பே நித்ய அன்பே,,
,,1058,தேவ ஆசீர்வாதத் தோடே,,
,,1059,தேவன் நமக்காய்த் தம் மைந்தனைத் தந்தார்,,
,,1060,தேவன் நீக்கிவிட்டார்,,
,,1061,நாதன் இயேசுவைத் துதிசெய் உலகில்,,
,,1062,நாமெல்லாம் மோட்சம் சேரும் நாள்,,
,,1063,நான் இயேசுவை நேசிக்கிறேன்,,
,,1064,நீங்கிற்றே நீங்கிற்றே நீங்கிற்றே,,
,,1065,நேசிக்கச் சிறந்தவர் கிறிஸ்தேசு,,
,,1066,நேற்றும் இன்றும் என்றும் மாறார் இயேசு இரட்சகர்,,
,,1067,பயப்படவே மாட்டேன்,,
,,1068,பரலோக இன்ப நாடே,,
,,1069,பாத்திரம் நிரம்பினாலுமே,,
,,1070,பாவங்களை சுத்தி பண்ணுமே (3 தரம்),,
,,1071,பெலன் கொடுக்கிறவரால்,,
,,1072,மகிமை கனம் துதிவல்லமை,,
,,1073,மேல் நோக்கிப்பார் திடன்கொள் மகிழ்,,
,,1074,மோட்சம் செல்லும் யாத்ரீகர் நாம்,,
,,1075,வாசிக்கச் சிறந்த புஸ்தகம் வேதம்,,
,,1076,வீண் கவலை உனக்கெதற்கு,,
,,1077,வேதத்திலே வேதத்திலே,,
,,1078,வே த புத் த கம்,,
,,1079,வேத வாக்கொவ்வொன்றும் எனக்குரியது,,
,,1080,ஜீவப்பத்தைப் புசித்தே ஜீவிக்கிறேன்,,
,,1081,ஜீவனுள்ள தேவனின் ஆவியே வாரும்!,,
,,1082,ஜெபத்தின் ஆவியைப் பொழியுமே,,
,,1083,ஜேய் ஜெயமே (4 தரம்),,
,,1084,ஜீவிக்கிறார் இயேசு ஜீவிக்கிறார்,,
,,1085,மகிமை யாவும் அவருக்கே,,
,,1086,நேசிக்க சிறந்தவர் கிறிஸ்தேசு (2),,
,,1087,அற்புத ஜீவியம் ஆஹா அற்புதம்,,
,,1088,வல்லவர் வல்லவர் கர்த்தர் மகா வல்லவர்,,
,,1089,ஓ இன்ப நாள்! ஓ இன்ப நாள்,,
,,1090,இயேசு என்னை கைவிட மாட்டார் (2),,
,,1091,இயேசுவுக்காக ஜீவிப்பேன் நாள்,,
,,1092,இயேசுவே நீர் என்னை கண்பாருமே (3),,
,,1093,"கிளிங், கிளிங் சைக்கிள் ஹென்பாரும்",,
,,1094,எத்தனை தாலந்துகள் உன்னில் உள்ளதோ,,
,,1095,சின்ன தம்பி சின்ன தங்காய்,,
,,1096,போற்றுங்கள் போற்றுங்கள்,,
,,1097,உப்புத் தண்ணீரில் வாழும் மீனும்,,
,,1098,ஒரு சின்ன பையன் நான்,,
,,1099,சின்ன சின்ன தம்பிகளே,,
,,1100,இயேசு வந்த உள்ளம்,,
,,1101,"குண்டு, குண்டு, மலைகளைப்பார்",,
,,1102,நான் ஆடிப்பாடி மகிழுவேன் 3,,
,,1103,தாவிதைப் போல நடனமாடி,,
,,1104,"வேண்டும், வேண்டும் எனக்கு",,
,,1105,சிட்டுக் குருவிப் போல் நானிருந்தால்,,
,,1106,"சிட்டு குருவி, சிட்டுக் குருவி",,
,,1107,இயேசப்பா யாரென பார்க்க விரும்பினான்,,
,,1108,பொய் சொல்லாதே திருடாதே,,
,,1109,இயேசுவின் பின்னே நானும் போகிறேன்,,
,,1110,"தூர, தூர, தூர போ",,
,,1111,இன்றைய நாள் 2,,
,,1112,கோழி தன் குஞ்சுகளை,,
,,1113,"வேத வசனமே, என் காலுக்கு தீபம்",,
,,2001,ஸ்துதிப்பின் ஸ்துதிப்பின் தெய்வ ஜனமே,,
,,2002,அடவி தருக்களின் இடயில்,,
,,2003,ஸ்ரீயேசு நாமம் அதிசய நாமம்,,
,,2004,இயேசுவின் ஸ்நேஹத்தால் என்னுள்ளம் பொங்ஙந்நே,,
,,2005,என்டே இயேசு எனிக்கு நல்லவன்,,
,,2006,எந்ததிசயமே தெய்வத்தின் ஸ்நேகம்,,
,,2007,யேசுவோடு சேர்ந்திருப்ப தெத்ற மோதமே,,
,,2008,அனுக்ரஹகத்தின் அதிபதியே,,
,,2009,இயேசுகிறிஸ்து உயிர்த்து ஜீவிக்குந்நு,,
,,2010,தினம் தினம் தினம் நீ வாழ்த்துகா,,
,,2011,லோகமாம் கெம்பீர வாரிதியில்,,
