Telugu Number,English Title,Tamil Number,Tamil Title,Hindi Number,Hindi Title
1,,1,"துன்மார்க்கருடைய ஆலோசனையில் நடவாமலும்,",69,"मुबारक है जो मानता न सलाह शरीरों की, (2)"
2,,2,ஜாதிகள் கொந்தளித்து ஜனங்கள்,70,"जाति जाति को लोग,"
3,,6,"எங்கள் ஆண்டவராகிய கர்த்தாவே,",1,"यहोवा प्रभु मेरे, भूमि आकाश में,"
4,,8,துதிப்பேன் துதிப்பேன்,2,मुबारक ! मुबारक !
5,,9,கர்த்தாவே என் பெலனே,3,"हे यहोवा, हे बल मेरे, सदा है सच्चे मार्ग तेरे ;"
6,,12,"கர்த்தர் ஆபத்து நாளில் ஜெபத்தைக் கேட்பாராக,",52,"दुखों में सदा तेरी यहोवा सुने दुआ,"
7,,13,"என் தேவனே, என் தேவனே,",53,मेरे खुदा ! मेरे खुदा ! ... तू ने मुझे छोड़ दिया ? (2)
8,,14,கர்த்தர் எந்தன் மேய்ப்பராக இருக்கிறார்;,4,"यहोवा मेरा चरवाहा है, (2)"
9,,15,கர்த்தர் என் மேய்ப்பராக இருக்கிறார்.,5,"तू ही यहोवा मेरा चरवाहा, (2)"
10,,16,கர்த்தர் என் மேய்ப்பரே,6,"यहोवा चरवाहा मेरा, कोई घटी मुझे नहीं है ;"
11,,17,கர்த்தர் எனக்கித்தரையில் உத்தம மேய்ப்பரே,7,"यीशु मेरा चरवाहा है मैं उसका गुण गाता हूँ ,"
12,,18,பூமியும் நிறைவும் உலகமும் அதிலுள்ள,8,प्रभु यीशु राजा है
13,,20,உமது முகத்தை எனக்கு,54,"यहोवा अपने मुख को, मुझ से छिपा न रखो,"
14,,19,காலையும் மாலை எவ்வேளையும்,9,"सुबह शाम और हर समय प्रभूजी,"
15,,22,என் தேவனாகிய கர்த்தாவே,10,"हे प्रभु यहोवा सर्वदा,"
16,,23,"எவனுடைய மீறுதல் மன்னிக்கப்பட்டதோ,",11,"धन्य है वह जिसके क्षमा हुए अपराध,"
17,,25,"கர்த்தரை எப்போதும் ஸ்தோத்திரிப்பேன்,",12,"सदा प्रभु को धन्य कहूँ मैं,"
18,,0,,71,"आओ बच्चों, सुनों, मैं सुनाऊँ,"
19,,26,"பொல்லாதவர்களைக் குறித்து எரிச்சலடையாதே,",72,"कुडकुडाना न कभी ... तू ... कुकर्मियों का काम देखकर,"
20,,27,கர்த்தாவே உமது கோபத்தில் என்னைக்,55,"झिड़के क्यों तू कोप में ... मुझ को ऐ खुदा,"
21,,28,"கர்த்தருக்காகப் பொறுமையுடன் காத்திருந்தேன்,",56,मैं धीरज से आशा रखके ... यहोवा की करता था इन्ति्जारी ;
22,,29,மானானது நீரோடைகளை வாஞ்சித்துக் கதறுவது போல்,57,प्यास में हांफें जैसे हरणी पानी के लिए (2)
23,,30,வெளிச்சத்தையும் சத்தியத்தையும்,58,"अपनी ज्योति, अपनी सच्चाई ... प्रकट अब होने दे ; (2)"
24,,32,குமாரத்தியே கேள்—நீ உன் செவியைச்,14,"राजकुमारी तू सुन,(2)"
25,,33,தேவன் நமக்கடைக்கலமும் பெலனும்,15,"शरण स्थान और बल हमारा,"
26,,34,"சகல ஜனங்களே கைகொட்டி ஆர்ப்பரியுங்கள்,",16,"हे देश देश के सब लोगों, तालियाँ बजाओ,"
27,,35,கர்த்தர் பெரியவர் அவர் நமது,17,"परमेश्वर अपने पवित्र नगर,"
28,,36,ஜனங்களே இதைக் கேளுங்கள்,73,"सब देश के निवासियों, तुम कान लगाकर सुनो"
29,,37,தேவனே உமது—கிருபையின்படி,59,"दया करके हे प्रभु ... पाप मिटा सब मेरे,"
30,,40,தேவனே நீரே என் தேவன் அதி,60,ढूंढूँगा मैं यत्न से ... तू ही है मेरा ईश्वर  (2)
31,,41,பூமியின் குடிகளே நீங்கள் எல்லாரும் பாடுங்கள்,19,"रहेगा नाम सदा बना मसीह का,"
32,,42,"தேவனே பூமியிலே உம்முடைய வழியும்,",61,ईश्वर हम पर अनुग्रह करे ... आशीष हम को देवे ;
33,,43,"கிறிஸ்துவின் நாமம் என்றென்றைக்கும் இருக்கும்,",19,"रहेगा नाम सदा बना मसीह का,"
34,,44,யூதாவில் தேவன் அறியப்பட்டவ் —இஸ்ர,20,परमेश्वर यहुदा में जाना गया है; (2)
35,,0,,62,"चिल्ला चिल्ला कर यहोवा की दोहाई दूंगा,"
36,,45,நம் பெலனாகிய தேவனைப் பாடுங்கள்,21,"जय गाओ प्रभु की वही बल है, याकूब के परमेश्वर की करो जय जय,"
37,,46,சேனைகளின் கர்த்தாவே உமது வாசஸ்தலங்கள்,22,"हे सेनाओं के यहोवा, निवास तेरे प्रिय हैं,"
38,,47,கர்த்தராகிய தேவன் விளம்புவதைக் கேட்பேன்;,63,मैं कान लगाकर सु्नूंगा ... यहोवा क्या कहे ; (2)
39,,48,எங்களுக்குத் தலைமுறை,23,"हे प्रभु तू ही पीढ़ी से ... धाम हमारा सदा बना है,"
40,,49,தேவரீர் தலைமுறையாகவே,24,"पीढी से पीढ़ी ... तू ही यहोवा, बना हमारा है धाम  (2)"
41,,50,உன்னதமானவரின்,74,हे यहोवा तू मेरा शरण स्थान है ;
42,,51,உன்னதமானவரின் மறைவிலிருக்கிறவன்,25,"परम प्रधान के स्थानों में, जो बैठा रहेगा;"
43,,52,கர்த்தரைத் துதிப்பதும் உன்னதமானவரே உமது,26,"यहोवा का धन्यवाद है करना कैसा भला, (2)"
44,,53,கர்த்தரைக் கெம்பீரமாய்ப் பாடி,27,"यहोवा के लिए गाऍं,"
45,,54,கர்த்தருக்குப் புதுப்பாட்டைப் பாடுங்கள்.,28,यहोवा के लिए नया गीत गाओ; (2)
46,,55,பூமியின் குடிகளே எல்லாரும் பாடுங்கள்,29,"यहोवा का जय जयकार हे सारी पृथ्वी करो,"
47,,56,"சகல ஜனங்களே எல்லாரும்,",30,"हे सारी पृथ्वी के लोगों, यहोवा की स्तुति तुम करो,"
48,,58,என் ஆத்துமாவே கர்த்தரை ஸ்தோத்திரி,32,"स्तुति प्रभु की, करो स्तुति प्रभु की ... तुम"
49,,60,"ஜனங்களின் சபையிலே கர்த்தரை உயர்த்தி,",33,"बहती नदियों को यहोवा बियावान बनाता है,"
50,,61,தேவனே என் இருதயம்,34,"हे ईश्वर मेरा हृदय, स्थिर है मै गाऊँगा ;"
51,,62,துதிப்பேன் கர்த்தரைச் சபையில்,35,"स्तुति करो तुम याह की (२), तुम स्तुति करो  (2)"
52,,67,கர்த்தாவே உமது வசனத்தின்படி,36,"हजारों रूपयों और मुहरों से भली, (2)"
53,,0,,64,संकट में मैंने प्रभु से विनती की  (2)
54,,68,ஒத்தாசை வரும் பர்வதங்களுக்கே,65,"आँखें पर्वत की तरफ लगाऊँ, ... मदद कहाँ से अपनी मैं पाऊँ ?"
55,,69,கர்த்தரின் ஆலயத்திற்குப்,37,"जब लोगों ने कहा मैं हुआ प्रसन्न, (2)"
56,,71,கர்த்தர் வீட்டைக் கட்டாராகில்,76,"यदि यहोवा घर न बनाए,"
57,,74,கர்த்தாவே ஆழங்களிலிருந்தும்மை,66,हे यहोवा गहरे स्थानों से ... तुझ को मैंने पुकारा है ;
58,,75,இதோ சகோதரர் ஒருமித்து,77,"देख क्या है भली बात यह है ... और खूब मनोहर भी, (2)"
59,,76,கர்த்தரின் ஊழியக்காரரே அவரின்,38,"यहोवा के सेवकों स्तुति करो,"
60,,77,கர்த்தரைத் துதியுங்கள் அவர் நல்லவர்,39,यहोवा की स्तुति करो की वह भला है
61,,80,கர்த்தாவே நீர் என்னை ஆராய்ந்திருக்கிறீர்,68,"यहोवा तू ने मुझ को, जाँच परख कर जान लिया है,"
62,,85,கர்த்தர் மிகுந்த இரக்கமும்,40,"यहोवा अनुग्रहकारी ... और दयालु भी है,"
63,,84,என் தேவனாகிய ராஜா உம்மையே நான் துதிப்பேன்,41,"हे ईश्वर मेरे राजा, मैं तुझ को सराहूँगा; (2)"
64,,86,அல்லேலூயா என் ஆத்துமாவே கர்த்தரைத் துதி,43,"हल्लेलूयाह, स्तुति करो हरदम ... यहोवा की  (2)"
65,,87,தேவனைத் துதிப்பதும்,44,"ईश्वर की स्तुति, तुम करो, स्तुति गाना है भला"
66,,88,"துதியுங்கள் வானங்களில் உள்ளவைகளே,",45,"स्तुति करो याह की स्वर्ग निवासियों,"
67,,89,வானங்களிலுள்ள சூரிய சந்திரரே,46,"याह की स्तुति, स्तुति ईश्वर की, सूर्य और चन्द्रमा,"
68,,91,அல்லேலூயா கர்த்தருக்குப்,48,"यहोवा की स्तुति सब गाएँ, गाएँ,"
69,,0,,49,"यहोवा के लिए एक नया गीत गाओ,"
70,,93,தேவனைத் துதியுங்கள் அல்லேலூயா,50,रब्ब की होवे सना हमेशा ...
71,,92,அல்லேலூயா கர்த்தரையே ஏகமாய்த் துதியுங்கள்,51,"हल्लेलूयाह ! यीशु प्रभु,s1.तुम सब स्तुति करो ;"
72,,90,துதியுங்கள் நீங்கள் துதியுங்கள் 2,47,"स्तुति करो तुम, स्तुति करो, (2)"
73,,70,சீயோனின் சிறையிருப்பைக் கர்த்தர் திருப்பும்போது,75,"सिय्योन की बन्धुवाई को, लौटा ले आया जब प्रभु ;"
74,,,,,
75,,,,,
76,,98,ஆதியும் அந்தமுமில்லாத ஜோதி,78,"आदि और अन्त है तू जग की ज्योति, चरणों में तेरे आते हम,"
77,,0,,121,आओ उस के मन्दिर में यहोवा प्रभु की करो स्तुति ; (2)
78,,100,ஆதியந்த மில்லோனே!,176,"आदि और अन्त रहित है, हे ईश्वर तू परिपूर्ण है,"
79,,151,"கல்வாரியின் தங்கமே,",243,"यीशु सूलीवाला है, सोने मुखड़ेवाला है,"
80,,152,எந்தன் பிரிய இயேசுவே என் சொந்த ராஜாவே,125,मसीह तू मेरा प्यारा है ... तू मेरे दिल का नूर ;
81,,0,,88,"पवित्र, पवित्र, पवित्र, प्रभु है,"
82,,0,,0,
83,,101,சுந்தர இரட்சகனே—எங்கள்,86,सुनदर रक्षक मेरे ! प्रभु . . . अपने लोहू से मुझ को तू धे ले ;
84,,102,தொழுகிறோம் எங்கள் பிதாவே,96,"भजने आए हैं पिताजी . . . आत्मा सच्चाई से तुझ को, (2)"
85,,153,கிறிஸ்து இயேசு தயாள பிரபு,113,"ख्रीष्ट यीशु, दयालु प्रभु ... तू ही है सृजनहार,"
86,,103,இயேசு என்ற திரு நாமத்திற்கு,151,"प्रभु यीशु तेरे पावन नाम की,"
87,,707,மீட்பர் மரித்த குருசண்டை,0,
88,,0,,112,"अम सब स्तुति करेंगे ... आशीषें देता याह ही,"
89,,104,கர்த்தர் எந்தன் பெலனும் கீதமுமானவர்,174,"गीतें गएँ सामर्थ के ... तेरी स्तुति करें,"
90,,0,,282,"आनन्दित, अनादित हूँ मैं, मेरे प्रिय पुत्र मैं प्रसन्न मैं ... आहा"
91,,105,பணிந்து பாடிப் போற்றுவோம்,101,"आओ करें साष्टांग प्रणाम,"
92,,0,,79,"यहोवा परमेश्वर महिमा तुम्हारी हो,"
93,,0,,123,"प्रभुजी के चरणों में, आस लगाओ,"
94,,0,,124,"प्यारा मसीह, प्यारा मसीह, लाखों में प्यारा मेरा मसीह ;"
95,,196,இதோ உன் ராஜா வருகிறார்,646,"देख तेरा राजा आता है,"
96,,106,சரணம் சரணம் சரணம் தேவா கருணை நாயகா,109,"शरण, शरण, शरण प्रभु करुणामय तू है ;"
97,,0,,242,"साष्टांग प्रणाम करके भजें हम,"
98,,0,,221,"यीशु तू ने किया निहाल, 2"
99,,107,"பரிசுத்தர், பரிசுத்தர், பரிசுத்தரே",95,परम पवित्र स्वर्गीय पिता ; (2)
100,,130,இயேசுவே உந்தன் திருநாமத்தை,147,"गाओ, मधुर मधुर यीशु नाम  2"
101,,108,உன்னத மானவரான தேவனுக்கே மகிமை,0,
102,,109,தேவனைத் தியானஞ்செய்,165,"मेरो मन लागो, 2"
103,,154,மகிழுவேன் மகிழுவேன்,486,"आनन्द करूँ, आनन्द करूँ"
104,,110,என் ஆத்ம நேசா இயேசு ராஜா,119,"हृदय का राजा जय यीशु नाम,"
105,,155,தேவாதி தேவனைத் துதித்திடுவோம்,94,परम पिता की हम स्तुति गाएँ ...
106,,111,மதுரமுள்ள நாமம் —இயேசுவின்,148,"मधुर, मधुर, यीशु नाम प्यारा,"
107,,0,,91,"पवित्र प्रभु यीशु प्रणाम हो तुझे,"
108,,112,"ஜேய், ஜேய், ஜேய், ஜேய் ராஜாதி ராஜா",118,"जय, जय, जय, जय राजाधिराजा,"
109,,113,கர்த்தரைக்கீர்த்தனம் பண்ணும் அவர்,97,"यहोवा का भजन गाओ, गाओ,"
110,,114,"தேவா தேவா திரிலோக நாதா,",423,"यीशु, यीशु मन में आ जा (2), इस दुनिया का तू मुक्तिदाता (2)"
111,,115,வல்ல கிறிஸ்து இயேசு எல்லாமானவர்,108,"सर्वशक्तिमान मेरा ... सब कुछ वही है,"
112,,116,தேவனே உமது மகிமையைப் பாடி,159,प्रभु तेरी स्तुति करूँ ... तेरी महिमा गाऊँ  (2)
113,,156,"ஓ இயேசு உமதன்பு எத்தனை பெரியது,",134,"हे यीशु तेरा प्रेम, कैसा महान है,"
114,,157,ஓ அன்புள்ள இயேசுவே நேசித்தீரே எங்களை,135,"ए प्रेमी यीशु तू ने, जो प्यार हम से किया,"
115,,158,அல்லேலூயா பாடுவோம் அல்லேலூயா பாடுவோம் 2,171,"हल्लेलूयाह गायेंगे, हल्लेलूयाह गायेंगे, 2"
116,,0,,127,"तू ने कहा, अद्धैत ईश्वर,"
117,,159,வந்தனமே வந்தனம் ஏசையா,139,"वन्दन है, वन्दन है यीशु,"
118,,160,சாற்றுவேன் துதி சிலுவையில் நீர்,142,चढ़ाता हूँ मैं धन्यवाद प्रभु ... क्रूस के उस प्रेम के लिए ;
119,,161,சந்தோஷம் சந்தோஷமே,223,"आनन्द है, आनन्द है, आनन्द से मैं स्तुति करूँ,"
120,,0,,150,"गाऊँगा मैं सुबह शाम,"
121,,0,,0,
122,,162,இருதயத்துடன் துதிப்போமே—நாமே,162,"हृदय भेंट चढ़ाए प्रभु को ... स्तुति प्रशंसा करें,"
123,,163,ஆனந்த மானந்தம் ஆனந்தமே,224,"आनन्द, आनन्द, आनन्द है, आनन्द आनन्द है"
124,,164,ஜேய் பிரபு இயேசு ஜேய் மாதேவா,274,"जय प्रभु यीशु जय मुक्तिदाता,"
125,,117,கர்த்தாவே உம் மகத்துவம் (2),82,"हे प्रभु तू महान है,"
126,,118,வந்தனம் செய்யுங்கள் பிரபு இயேசுவுக்கு 2,140,"वन्दना करो, प्रभु यीशु की (2), जय जयकार करो  (2)"
127,,165,ஓ என் ஆத்துமாவே புதியகீதம்,164,"ओह ! मेरा मन गा रहा है ... गीत नया प्रभु का,"
128,,166,தேவா உம் ஆலோசனைகள்,196,"हे ईश्वर तेरे यह विचार, मेरे लिए क्या ही अनमोल है,"
129,,167,துதிக்கப்படத் தக்கவரே,133,"हे प्रभु तू धन्य है,"
130,,168,கிறிஸ்து இயேசுவானவர்,1114,
131,,0,,143,हल्लेलूयाह ! स्तुति प्रशंसा गाऊँगा
132,,0,,0,
133,,169,சகல கிருபை உள்ளவரே,169,"सभी अनुग्रह का प्रभु ... सब प्राणियों का आनन्द है,"
134,,170,மகா கனமுள்ள உன்னதரும்—,81,"महान ईश्वर, अति उत्तम, पवित्र जो, सदा स्थिर है,"
135,,232,எந்தன் உள்ளம் புதுகவியாலே பொங்க,166,"नये गीत से मेरा हृदय उमडता, यीशु का भजन करूँ,"
136,,119,"கொண்டாடி, பாடி கீதங்களால்",102,"अपने प्रभु की बड़ाई करके,"
137,,171,கர்த்தாவே உம்மை என்றும் நேசிக்கிறேன்,167,यीशुजी करूँ तुझ से ऐसा अब प्रेम
138,,0,,0,
139,,121,எத்தனை நாவால் பாடுவேன்,191,"जो लाखों जीभें मेरी हों ... तो सब नहीं होगी,"
140,,122,எல்லாருக்கும் மா உன்னத,188,"यीशु के नाम को सब भजें, दूत भी प्रणाम करें ;"
141,,172,போற்றுவேன் என் மீட்பர் அன்பை!,190,"यीशु नाथ के प्रेम अपार का ... करूँगा मैं स्तुतिगान,"
142,,0,,0,
143,,0,,0,
144,,0,,0,
145,,0,,0,
146,,0,,0,
147,,0,,0,
148,,0,,0,
149,,0,,0,
150,,0,,0,
151,,0,,0,
152,,133,அவர் நிழலில் வாஞ்சையுடன் அமர்ந்து,225,"तेरे सेब वृक्ष की छाया में मैं, अब आनन्द से परिपूर्ण हो गया,"
153,,708,இயேசுவை ஏற்றுக் கொண்டேன்—தேவ புத்திரனுமானேன் 2,372,"यीशु को ग्रहण किया, मैं, ईश्वर का पुत्र हुआ,"
154,,31,என் தேவனாகிய கர்த்தாவே 2,217,प्रभुजी तेरे बारे में अब ... मेरा हृदय उमण्ड रहा है
155,,321,இயேசு இரட்சகரே எனக்காக நீர் யாவுமிழந்தீர்,257,"यीशु प्रभु तू ने सब कुछ मेरे लिए दिया,"
156,,187,உன்னதத்தின் பரிசுத்தரே—உம் இரட்சிப்புக்காய் ஸ்தோத்திரங்கள்,90,"पवित्र प्रभुजी मेरे, स्तुति हो उद्धार के लिए"
157,,188,இயேசு என்னை நேசித்தார்—பாசத்தோடு இரட்சித்தார்,213,"यीशु तू ने किया प्यार, कोई न था तारणहार,"
158,,0,,146,"यीशु जी तेरे महान नाम की बड़ाई,"
159,,246,அன்பும் உண்மையும் உள்ள பரலோக பிதா,138,"प्रेमी विश्वास योग्य परमेश्वर पिता, दिया अपने पुत्र को,"
160,,248,ஆண்டவரே இதுஉம் கிருபையே,105,हे प्रभु तेरा अनुग्रह है ... बड़े धन से यह हुआ है
161,,247,அன்புள்ள ஆண்டவரே,137,"प्रेमी ईश्वर प्रेम तू है, प्रेम तेरा सच्चा है"
162,,148,ஆராதனை செய்து உம் புகழ்பாடி,200,"आराधना करूँ मैं दिल से भजूँगा, ... सनातन तक तेरी स्तुति करूँगा"
163,,268,ருசிபார்த்து அறிந்து கொண்டேன்,218,"चखकर मैं ने जाना है, यहोवा कैसा है भला,"
164,,195,ஆண்டவர் இயேசுNவு உமதுண்மை (2),153,"तेरी विश्वासयोग्यता प्रभु यीशु,"
165,,272,ஸ்தோத்திரித்திடுவேன் எக்காலமும்,144,हर समय स्तुति करता रहूँगा
166,,212,தேவனுக்கே மகிமை 2,172,ईश्वर की महिमा (2)
167,,134,அதிசயமானவரே 2,13,"हे यहोवा तू अद्भुत है, (2)"
168,,59,என் ஆத்துமாவே கர்த்தரை ஸ்தோத்திரி,31,"मेरे आत्मा ! प्रभु को धन्य कह ! जो कुछ मुझ में है उसके नामको,"
169,,312,காயப்பட்டார் காயப்பட்டார்,256,"घायल हुआ, घायल हुआ, मेरे लिए मसीह घायल हुआ"
170,,140,சேராபீன்கள் கூட்டம் ஆராதனை செய்து,87,"सारे स्वर्गीय दूतगण, आराधना करते, कहते प्रभु यहोवा पवित्र,"
171,,259,கிறிஸ்தேசுவே நீரே என் சர்வமும்,210,"प्रभु यीशु तू सब में सब कुछ है,"
172,,266,போற்றிடுவோம் எங்கள் தேவா,42,"हे प्रभावशाली तू ईश्वर,"
173,,146,நிகரில்லா கிறிஸ்தேசுவே,131,"अनोखा है तू मसीहा, अद्वितीय ईश्वर तू है,"
174,,0,,83,"तू ही महान प्रभु है,"
175,,209,துதியும் கனமும் மகிமையும் உமக்கே,92,"स्तुति, महिमा, भक्ति, आदर, युग युग तेरे हैं ;"
176,,0,,214,"मुझ से प्रेम किया,"
177,,0,,84,"हे प्रभु तू ही तो धन्य है,"
178,,0,,215,"मैंने है पाया तुझ से प्रभुजी, ... सब कुछ है उत्तम जो मुझे दिया"
179,,0,,106,"हम सब मिलकर यीशुजी की स्तुति करते हैं,"
180,,0,,152,"स्तुति के योग्य तू ही प्रभु,"
181,,0,,145,"मैं गाऊँगा, हर समय गाऊँगा,"
182,,0,,89,"करूणामय प्रभु, पवित्र है तू, स्तुति तेरी करते हैं,"
183,,0,,270,"जयवन्त मसीह, जयवन्त हुआ है, जयवन्त सदा रहेगा,"
184,,0,,271,"प्रभु यीशु शैतान के बल को जीत लिया है,"
185,,0,,93,"गाएँगे हम तेरी स्तुति हे प्रभु महान,"
186,,0,,130,"प्रभु यीशु तू ही, महिमा स्वरूपी, पूजनीय है"
187,,0,,471,"योजनाऍं जो है यिशु की, बदलती न कभी,"
188,,270,ஜெயவேந்தனான ஆ எந்தன் பிரபுவே,273,"हे प्रभु तू ही जयवन्त सदा है, जयगीत हम गाते हैं"
189,,0,,129,"महासामर्थी ओ यीशु ! बहुत ही विशाल है तू,"
190,,0,,0,
191,,137,"ஓ ஆபிரகாம் ஈசாக்கு, இஸ்ரவேலின் தேவா",702,"हे इब्रहीम, इसहाक, और इस्राएल का ईश्वर जो,"
192,,807,எந்தன் அன்புள்ள ஆண்டவரே,0,
193,,0,,0,
194,,0,,0,
195,,0,,0,
196,,0,,0,
197,,0,,0,
198,,0,,0,
199,,0,,0,
200,,802,அல்லேலூயா பாடுவேன் பிரபு இயேசும்மைத் துதிப்பேன்,707,"हल्लेलूयाह, गाऊँगा ... स्तुति तेरी करूँगा,"
201,,149,ஆராதனைகளுக்கு தகுந்தவர் நீர் 2,0,
202,,184,போற்றிப் புகழ்வோம் தேவ மைந்தனை,157,"हम करेंगे तारीफ खुदा के बेटे की मिलकर,"
203,,0,,111,"दाऊद वंश के ख्रीस्त यीशु की ... स्तुति प्रशंसा हो,"
204,,180,தேவாதி தேவனையே எல்லாரும்,0,
205,,182,ஸ்தோத்திரம் இயேசுநாதா உமக்கென்றும்,156,"स्तुति हो यीशु तेरी, हल्लेलूयाह ! स्तुति हो यीशु तेरी ; (2)"
206,,0,,122,"स्तुति करो प्यारो स्तुति सर्वदा, करो प्यारो स्तुति सर्वदा"
207,,181,"ஸ்தோத்திரம் ஸ்தோதித்திரம்,",0,
208,,183,உண்மையுள்ள என் கர்த்தாவே,155,विश्वसयोग्य मेरे प्रभु ... मैं तेरी स्तुति करूँगा
209,,178,இரட்சகரே கர்த்தர் இயேசு ஸ்தோத்திரம் தேவா,158,मुक्तिदाता यीशु प्रभु स्तुति मैं करूँ ;
210,,179,தோத்திரம் பாடியே போற்றிடுவேன்,120,"प्रशंसा गाके मैं स्तुति करूँ,"
211,,0,,98,"स्तुति करें, प्रशंसा करें,"
212,,128,யேகோவாவின் மகத்துவம் எவ்வளவு பெரிது 2,80,"यहोवा महान और स्तुति के योग्य है,"
213,,0,,204,"कृपा मेरी तेरे लिये काफी है कहा यीशु,"
214,,177,போற்றித் துதிப்பேன் கர்த்தாவே,163,"स्तुति प्रशंसा हे प्रभु, मैं गाऊँ बार बार,"
215,,129,ஆராதிப்போம் வாரும் கர்த்தர் இயேசுவை,100,"आओ हम भजेंजे प्यारे यीशु को,"
216,,233,அனுதினம் எங்கள் பாரத்தை சுமந்திடும் தேவா,219,"प्रति दिन मेरे बोझ को, उठाता है प्रभु,"
217,,234,பக்தர்களே தியானித்திடுவோம்,240,"तुम याद करो सब भक्तों, प्रभु ने क्या क्या किया,"
218,,174,கர்த்தர் இயேசுவைத் துதிப்பது,160,"स्तुति करें यीशुजी की, अति सुन्दर और उत्तम भी है"
219,,185,போற்றும் ! போற்றும் !,193,"गाओ, गाओ ख्रीष्ट यीशु है मुक्तिदाता,"
220,,132,என் தேவனே உம் மகத்வக்கிரியைகள்,187,"प्रभु महान विचारूँ कार्य तेरे ... कितने अद्‍भुत जो तू ने बनाए,"
221,,186,போற்றிடு ஆன்மமே சிருஷ்டி கர்த்தாவாம் வல்லோரை;,0,
222,,176,இயேசுவே உந்தன் முகதரிசனத்தால் 2,211,"यीशु प्रभु तेरे चेहरे को देखकर,"
223,,189,ஜெயம் பாடுவோம் ஜெயம் பாடுவோம்,126,"बोलो जय जय, बोलो जय जय, प्रभु यीशु की जय,"
224,,701,உலக இரட்சகரே தயாளர் நீரே,104,"हे जग त्राता, विश्व बिधाता, दिया है अनमोल दान,"
225,,0,,0,
226,,0,,0,
227,,0,,0,
228,,0,,0,
229,,0,,719,"यीशु का नाम मनोहर है, कितना वह मधुर भी है"
230,,236,என்ன விதமாய்ப் பாடுவேனோ,198,"हे प्रेमी तारणहार, दया तेरी है अपार"
231,,218,சீரேசுநாதனை சிரமேற் கொண்டிடுவோம்,141,"सीस नवाए प्रभु वन्दन करते,"
232,,243,ராஜாதி ராஜா கர்த்தாதி கர்த்தா,116,"राजाओं का राजा, प्रभुओं का प्रभु,"
233,,222,ஜேய் ஜேய் இயேசு ராஜா ஜேய் ஜேய்,117,"जय जय यीशु, राजा जय जय,"
234,,240,எந்தனுள்ளமே எந்தனுள்ளமே,222,"सुन ऐ मेरी जान, प्रभु का कामों को न भूल, (2)"
235,,397,சுவிசேஷத்தைக் கேட்பீரே,149,"प्रभु तेरा नाम सुवन्दित गाऊँ, (2)"
236,,221,ஜீவனைக் கொடுத்த தேவனே,103,"जीवन दिया है परमेश्वर,"
237,,239,போற்றுவோம் போற்றுவோமே புகழ்,99,"आओ भजें उसको, प्रचार करें, प्रणाम करें,"
238,,238,போற்றிப் புகழ்ந்திடுவோம் அல்லேலூயா—துதி,170,"स्तुति प्रशंसा करो ... हल्लेलूयाह,"
239,,237,உமதுண்மை மகா பெரியது,161,"यीशु तेरी दया दृष्टि अधिक है,"
240,,0,,237,"यहोवा ने हमारे साथ महान काम किये हैं,"
241,,0,,233,"स्तुति, प्रशंसा करें, प्रभु यीशु की, आज तक है सम्भाला हमें"
242,,242,கர்த்தர் பெரிய காரியங்களைச் செய்தார்,238,"प्रभु महान कार्य किया है, हम मिल के प्रशंसा करें,"
243,,241,ஆனந்தமாய் யேகோவா உம் கிருபைகளை,0,
244,,0,,0,
245,,219,பகலில் மேக ஸ்தம்பமாயிருந்தீர்,175,"दिन में बादल का छाया बना ... रात में अग्नि का ज्वाला बना,"
246,,220,இரட்சணியப் பாடல்கள் பாடி,0,
247,,572,நன்றியுடன் பணிகிறேன்,566,"आभारी हूँ सिर मैं झुकाऊँ, जीवन अर्पण मैं करता हूँ,"
248,,235,எனக்காக யாவற்றையும் செய்பவரே,216,"मेरे लिए प्यारा यीशु सब कुछ किया है,"
249,,0,,236,"यहोवा ने कैसे का बड़े किए हैं,"
250,,0,,0,
251,,0,,709,"पूर्ण हृदय से धन्यवाद, चढ़ाता हूँ मैं प्रभु को"
252,,139,காட்டு மரங்களின் நடுவில்,0,
253,,277,ஆண்டவரைத் துதிக்க வாரும்,230,स्तुति ईश्वर की हम करें ... बीते वर्ष में सम्भाला हमें
254,,278,தோத்திரம் தோத்திரமே—தேவா,232,"स्तुति हो स्तुति प्रभु, आ आ"
255,,276,தேவா வருஷத்தை நன்மையினால் முடிசூட்டுகிறீர்,231,"प्रभु ... वर्ष पर तू ... भलाई मुकुट ... धर दिया है,"
256,,0,,0,
257,,0,,0,
258,,275,ஓ பக்தர்களே ஏகமாய் சேர்ந்து,241,"आओ भक्त लोगों हम सब मिलकर,"
259,,647,நாங்கள் பயப்படோம்—என்றும்,552,"हम में डर है नही, अब से हम में डर है नही,"
260,,648,பயப்படமாட்டோம் நாங்கள் பயப்படமாட்டோம்,551,"भय अब नहीं है, हमें भय अब नहीं है,"
261,,0,,0,
262,,0,,0,
263,,0,,0,
264,,0,,0,
265,,284,தேவகுமாரன் இயேசு பிறந்தார்—என்றும்,0,
266,,285,மாமரி சுதனாய் மானிலமதிலே,246,"चरनी में चमका चमकीला सितारा, (2)"
267,,0,,247,"बेथलहैम के ऐ छोटे कस्बे, खामोश और सुनसान होते देखा,"
268,,286,"பக்தரே, வாரும் ஆசை ஆவலோடும்;",248,"अब आओ विश्वासियों, जय जय करते गाओ,"
269,,174,கர்த்தர் இயேசுவைத் துதிப்பது,249,"सुनों ! दुउतगण गातें हैं ; बालक राजा ख्रिस्त की जय,"
270,,206,கேட்பேனே நான் உம் சத்தத்தை,245,"सुनते हैं हम तेरी आवाज, तकत्ते हैं हम तेरे रूप को,"
271,,290,உதித்தாரே திவ்விய ரட்சகனே,0,
272,,295,"அரூபியே சொரூபியே, மருகியே",0,
273,,301,இயேசுவின் வேதனையுடன்,0,
274,,296,நமக்காய் இயேசு மரித்தார்,258,"यीशु ने सब के लिए ... जीवन बलिदान किया,"
275,,0,,136,यीशु ने मेरे लिए कुर्बानी चढ़ाई  (2)
276,,303,பாவிகளுக்காய் கிறிஸ்சேசு மரித்தாரே,253,"ऊपर सूली के, ऊपर सूली के, मसीहा जान देता,"
277,,302,உம் இரத்தமே உம் இரத்தமே சுத்தம் செய்யுமே,259,"तेरा लोहू तेरा लोहू मुझे शुद्ध करता है,"
278,,300,சிலுவையிலே பலியான,254,"ईश्वर का ओ मेम्ना, तू चढ़ा था क्रूस के ऊपर,"
279,,299,அந்தோ கல்வாரியில்—அருமை இரட்சகரே,252,"देखो, कलवरी पर यीशु देता अपना प्राण,"
280,,297,எந்தனை இரட்சிக்கவே வந்தீர்—தேவா,0,
281,,293,இயேசுவின் இரத்தமே ஜெயம் ஜெயமே,260,"यीशु के लोहू की जय, जय, जय,"
282,,305,என்ன தியாகம் என் கல்வாரி நாயகா,0,
283,,0,,251,"देख, जरा देख, तेरे लिए,"
284,,294,வாழ்க்கையாம் பாதைக்கு நீரே வெளிச்சம்,250,"जीवन पथ की ज्योति तू क्रूसधारी यीशु,"
285,,298,இயேசு சிலுவையில் மாண்டார்,314,"यीशु सलीब पर मुआ,"
286,,306,"என் அருள் நாதா இயேசுவே,",265,"जिस क्रूस पर यीशु मारा था, उस क्रूस पर ध्यान जब करता हूँ,"
287,,0,,66,हे यहोवा गहरे स्थानों से ... तुझ को मैंने पुकारा है ;
288,,320,என் தேவனே என் தேவனே ஏன் என்னை,255,"""मेरे ईश्वर तू ने मुझे क्यों छोड़ा"", पुकारा क्रूस पर से प्रभु मेरे,"
289,,310,கல்வாரி மலையில் நின்ற ஈனச் சிலுவை,264,"आह ! वह प्यारी सलीब, मुझ को दीख पड़ती है,"
290,,324,கீதம் கீதம் ஜெய ஜெயக் கீதம்,267,"गाओ, गाओ, जय गीत गाओ,"
291,,0,,0,
292,,325,இன்பக்கீதந் தொனித்திடு இயேசு எழுந்தார்,268,"ओ ! हल्लेलूयाह बोलो यीशु जीवित हो गया, (2)"
293,,0,,275,"वह कब्र में पड़ा ... ख्रिस्त मेरा त्राता,"
294,,0,,0,
295,,0,,276,यीशु ख्रिस्त जी उठा है ! हल्लेलूयाह !
296,,341,இயேசு ராஜன் வருவார் தூதரோடும் வருவார்,631,"यीशु राजा आएगा, फिरिश्तों के साथ आएगा,"
297,,355,ராஜாதி ராஜாவே வாரும்,0,
298,,0,,468,"नया यरूशलेम, जो अद्‍भुत है, पवित्र नगर वही है,"
299,,339,ஆண்டவர் வருகை விண் மீதே,0,
300,,340,மகிமையுள்ள மாயேசு ராஜன்,629,"महिमा के साथ यीशु राजा,"
301,,338,மேகமீதில் இயேசு ராஜன்,627,"बादलों पर यिशु राजा जल्दी आता है, (2)"
302,,0,,634,"जब देखो निशानत भाइयो सब जग जाओ,"
303,,0,,636,"सजा पाऍंगे, हाँ जी, मार खाऍंगे, कुल गुनाहगार,"
304,,334,ராஜாதி ராஜனாக இயேசுகிறிஸ்து,0,
305,,390,உன் தேவனைச் சந்திக்க நீ ஆயத்தமா?,0,
306,,758,பரிசுத்தர் கூட்டம் இயேசுவைப்போற்றி,637,"दुनिया के विश्वासी उठाए जाएँगे,"
307,,335,இயேசு சீக்ரமாய் வருகிறார்,0,
308,,343,விழித்திரு மகிமை ராஜன்,0,
309,,330,வருகிறவர் யாரென்று நீ பார்,638,"देखो, देखो, कोई आ रहा है, कैसी महिमा मसीह आ रहा है,"
310,,328,இயேசு சீக்கிரம் வரப் போகிறார்,639,"यीशु शीघ्र ही फिर आएगा, सत्य ईश्वर की यह वाणी है,"
311,,0,,640,"देखो निश्चय आता हूँ मैं, शीघ्र आ रहा हूँ मैं,"
312,,329,இயேசு வருகிறார் ஜெயங்கூறிடுவோம்,630,"बोलो जय, जय, जय, प्रभु यीशु की जय"
313,,327,காலம் நெருங்கிற்றே கர்த்தர் வருகையின்,642,"अब वह दिन निकट है, प्रभु आएगा, (2)"
314,,332,சொர்க்கத்தின் மகிமையோடும்,643,"स्वर्गीय महिमा में, तेजोमय वस्त्र में,"
315,,331,ராஜாதி ராஜா கர்த்;தாதி கர்த்தா,644,"राजाओं का राजा, प्रभुओं का प्रभु,"
316,,336,எழும்புங்கள் பக்தர்களே,645,"हो तैयार, सन्तों सब, है पुकार,"
317,,344,சீயோனின் ராஜா வருகிறார் ஆயத்தப்படுவோம்,647,"सिय्योन से राजा आ रहा, मन को सुधार लो,"
318,,333,பரமனேசு வருகிறார் பரத்தினின்று வேகமாய்,648,"यीशु शीघ्र आएगा, स्वर्ग से वो उतरेगा,"
319,,337,ஆண்டவர் இயேசு வருகிறார்,649,"अब तुम सब तैयार रहो, ख्रीष्ट यीशु आएगा,"
320,,342,எக்காள சத்தம் வானில் தொனிக்க,650,"तुरही का शब्द जो आकाश में होता, सामने यीशु को हम देखेंगे,"
321,,0,,0,
322,,350,கொஞ்சக் காலமே மிஞ்சியுள்ளது,651,"समय अब थोड़ा बाकी रहा, आनेवाला यीशु शीघ्र आएगा,"
323,,724,ஜெயங்கொள்ளுவோரை கொண்டு போக,641,"मसीह लेने उन्हीं को आता है, जो जयवन्त विश्वासी हैं,"
324,,0,,168,"हल्लेलूयाह, हल्लेलूयाह, हल्लेलूयाह, स्तुति,"
325,,0,,0,
326,,0,,0,
327,,0,,0,
328,,304,"ஜீவன் ஈந்தாரல்லவோ,",0,
329,,0,,0,
330,,225,மகா ராஜா இயேசு வாழ்க,244,"महाराजा यीशु तेरी होवे जय जयकारी,"
331,,0,,342,"यीशु के पथ को छोड़कर कही जावे मतिना,"
332,,368,அன்பின் முரசு அகிலத்தில் கேட்கிற முழக்கம்,321,"यह प्रेम का डंका आलम में, बजवा दिया सूलीवाले ने  (2)"
333,,226,ஜெயமென்று பாடுங்கள் சர்வ ஜனமே,261,"जय बोलो सारे लोगों, यीशु मुक्तिदाता की,"
334,,367,ஜெகத்திற்கே இரட்சகனாய் உதித்தார்,316,"जगत में आया है तारणहार (2),"
335,,227,வாழ்க வாழ்க இயேசு நாமமே,300,"भजो भजो प्रभु यीशु नाम,"
336,,0,,0,
337,,369,"பாவத்தின் பலன் நரகம், நரகம்",337,"गुनाह की सजा जहन्नम, जहन्नम (3),"
338,,0,,0,
339,,0,,298,"सुन लो मेरे भाइयो,"
340,,0,,0,
341,,0,,556,"तंग दरवाजे होकर कोई कोई चलता, (2)"
342,,407,கிருபைக்காலம் ஓடியே போகுதே நரரே,0,
343,,0,,299,"सब यीशु की जय जय बोलो, सब पाप से हाथ को धो लो"
344,,0,,341,कलवरी के सहारे ... बच जाएगा प्यारे
345,,0,,319,"बिन यीशु नहीं हो, निस्तारा (2), ... बिन यीशु नहीं हो"
346,,0,,325,"प्रभुजी तुम को,"
347,,366,"குரு பூரணர் யார், குரு பூரணர் யார்?",322,"गुरु कौन पूरा, गुरु कौन पूरा ... जिस के मन में प्रेम भरा"
348,,408,ஜனங்களே வேகமாய் வாரும்,294,"सब लोगों जल्दी आओ, सच्चे प्रभु को जान लो,"
349,,365,பாவியை நேசித்துப் பிராணனை ஈந்த,311,"प्रेमी मसीह के ओरेम बराबर, प्रेम है कोई नहीं,"
350,,0,,291,"आओ जक के लोग सब ही, यीशु राजा बुलाता है  (2)"
351,,403,வருவீர் வருவீர் இயேசுவினருகில்,290,"आओ, आओ यीशु पास आओ,"
352,,404,வாருமே இயேசுபாதம் சேருமே,0,
353,,0,,326,जग में मसीह की हो जयकार ... सब प्राणी करें जय जयकार  (2)
354,,223,கிறிஸ்தே சர்வாதிகாரி,323,"ख्रीष्ट है सर्वाधिकारी ... ख्रीष्ट है अल्फा ओमिगा,"
355,,224,இருள் நிறைந்த உலகத்திலே,315,"अन्धकार में खोए हुओं को,"
356,,361,மானிடரூபம் இயேசு எடுத்தார்,317,"मनुष्य रूप धारण करके, आया यीशु जगत में,"
357,,402,இயேசுவின் இரத்தம் இன்று முள்ளதே,328,"यीशु का लोहू अनुपम है जो,"
358,,405,பாவியை இரட்சிக்க வந்த கிறிஸ்தேசுவை,0,
359,,0,,318,"पापी के लिए प्रभुजी (२), क्रूस पर बिल हुआ, (2)"
360,,364,தேவன் இவ்வுலகை எவ்வளவாய் நேசித்தார்,310,"ईश्वर ने जगत से प्रेम ऐसा किया,"
361,,362,மாய லோகத்தில் மோசம் போகாதீர்,335,"माया मोह में धोखा न खाओ तुम,"
362,,363,நியாய சிங்காசனம் உனக்கு முன் உள்ளது,336,"न्याय का सिंहासन सामने रखा है, ध्यान से जरा देख कोई बैठा है"
363,,370,"பேரன்பர் இயேசு நிற்கிறார்,",370,"संसार का सब से बड़ा वैद्य ... वह है हमारा यीशु,"
364,,371,நல்லசெய்தி ! இயேசுவை,369,"सुना हमने सुख का बोल, यीशु ख्रिस्त है तारणहार"
365,,315,இம்மானுவேலின் இரத்தத்தால்,365,"इम्मानुएल के लोहू से एक सोता भरा है,"
366,,316,"பாவதோஷம் நீக்கிட,",364,दिल के दाग को धोवे कौन ? लोहू जो कि क्रूस से जारी
367,,711,நம் கர்த்தராம் கிறிஸ்துவுக்குள்ளே நன்மைகள் எவ்வளவோ,207,"प्रभु यीशु में सब प्रकार की, आशीष हमारी है"
368,,391,உன் ஜீவிய காலம் குறுகினதே,330,"यह जीवन तेरा दो दिन का है, एक दिन तुझे मिट जाना है"
369,,678,பெரியதும் நித்தியமான பூரண இரட்சிப்பிதே,344,"महान उद्धार, अनन्त उद्धार, पूरा उद्धार वह है,"
370,,389,இயேசுவையல்லாமல் பாவிக்கு அடைக்கலமில்லை,320,यीशु बिन पापी का नहीं है ठिकाना  (2)
371,,428,மனந்திரும்பு இந்நாளே 2,339,"मन फिराओ, मन फिराओ,"
372,,400,மாயை மாயை உலகமே மாயை,332,"व्यर्थ ही व्यर्थ है, सब कुछ व्यर्थ है,"
373,,766,இயேசு இரட்சகா உமக்கே மகிமை,173,"ख्रीष्ट प्रभु जी महिमा तेरी हो,"
374,,0,,312,कौन है यीशु जानते हो ?
375,,0,,0,
376,,0,,0,
377,,0,,712,"यीशु के पीछे पीछे चला जा रहा हूँ मैं,"
378,,0,,0,
379,,0,,0,
380,,0,,0,
381,,0,,0,
382,,385,இதுவே அநுக்கிரக காலமதாயிற்றே,0,
383,,327,காலம் நெருங்கிற்றே கர்த்தர் வருகையின்,0,
384,,379,மாயலோக வாழ்வில் மூழ்கி ஏன் அலைகிறாய்?,334,माया मोह और लोभ में भाई भला क्यों फिरे ?
385,,380,"துதிசெய், துதிசெய், துதிசெய் திரியேகனை",302,"भज ले, भज ले, भज ले, यीशु का नाम,"
386,,0,,0,
387,,0,,0,
388,,406,ஆண்டவர் இயேசு அழைக்கிறார்,292,"प्रेम से यीशु बुलावे ... जल्दी आओ,"
389,,0,,301,"भजता क्यों नहीं रे मन मूरख ... यीशु नाम, सच्चा नाम,"
390,,410,பாவியே ஜீவ ஊற்றண்டை வா,327,"पाप सहित आ तू अब सोते के पास, भार दुःख का लेकर के आ,"
391,,376,தட்டித் தட்டி நிற்கிறேன் தாளைத் திற,305,"तेरे दिल के द्वार पर यीशु खटखटाता,"
392,,0,,0,
393,,373,"சகோதரா, பாவமன்னிப்பை",304,"भाई, बहनो, पाप की माफी माँग लो, प्रभु यीशु से  (2)"
394,,411,உனக்கு இரட்சிப்பு இயேசு கொடுக்க அழைக்கிறார்,343,"यीशु प्रभु है तेरा तारणहार,"
395,,0,,0,
396,,0,,0,
397,,381,கர்த்தர்மேல் கண்களை ஏறெடு,340,"प्रभु की ओर आँख उठाओ ... यीशु ओर आंख उठाओ,"
398,,412,பாரீர் பாரீர் எழுந்திடுவீர்,635,"देखो, देखो, उठो जागो, यीशु राजा आता है,"
399,,375,"இயேசுவை ஏற்றுக்கொள்வாய்,",307,"यीशु को ग्रहण करो, ख्रीष्ट यीशु को ग्रहण करो,"
400,,650,யாருக்காய் வாழ்கிறாய் நீ ?,329,"जीवन तेरा किस के लिए, तेरा जीवन किस के लिए ?"
401,,413,"இயேசு உன்னை அழைக்கிறார்,",295,"यीशु तुझे बुलाता है आज, सुन ले ध्यान से मधुर आवाज"
402,,378,நோக்கிப் பாரும் சற்று கல்வாரியை,313,"देखो, देखो जरा कलवरी पर,"
403,,383,கெட்டுப்போன மாந்தரை,368,"यह सुनाओ कि यीशु ख्रिस्त पापी को बचाता है,"
404,,382,இயேசுநாதர் ஐங்காயத்தை நோக்கிப் பார்த்தால்,367,"क्रूसित यीशु की ओर देख औए ले ले जीवन, वही तेरे लिए जीवन दान,"
405,,377,சுவிசேஷ செய்தி கேட்டாயா?,0,
406,,0,,296,"प्रभु यीशु बुलाता आज पापियों को सभी,"
407,,175,எருசலேமின் வாசல்களே இராஜாவை வரவேற்றிடுங்களே!,422,"यरूशलेम को फाटको, राजा को अन्दर आने दो,"
408,,372,இருதயக் கதவை நீ திறந்திடு இன்றே,306,"हृदय तुम खोलो, आओ यीशु पास,"
409,,415,கிருபை காலங்களில் கர்த்தர் இயேசுவை,308,"अनुग्रह का समय अब है,"
410,,416,கிறிஸ்து வண்டை வாரும் நண்பா,293,"ख्रीष्ट के पास आओ भाई, यीशु के पास आओ भाई,"
411,,421,கிருபையின் வாசல் திறந்துள்ளது,309,"द्वार अनुग्रह का खुला अब है, शीघ्र आओ यीशु बुलाता है"
412,,396,கர்த்தரின் வார்த்தைக்கு செவி கொடுப்பாய் 2,297,"सुन ले पुकार ! तुझ से प्रभु कहता है, (2)"
413,,0,,333,"क्यों भूला है नादान, ... कर बुरे भले का ध्यान"
414,,0,,331,"संसार को छोड़कर जाना पड़ेगा,"
415,,0,,0,
416,,0,,0,
417,,0,,0,
418,,0,,0,
419,,0,,0,
420,,0,,374,"तेरे द्वार को छोड़ यीशु जाऊँ किधर, (2)"
421,,0,,381,"दिल मेरा ले ले प्यारे यीशु, तूने इस बनाया है,"
422,,533,எனக்கிரங்கி என்னை இரட்சியும் இயேசுவே,377,यीशु तू मुझे पाप से बचा कर दया ...  (2)
423,,536,என் இதயத்தில் என்றும் வசிக்க,382,"मन मन्दिर में आ मसीह,"
424,,523,ஆண்டவரே அடியேனை இரட்சியும்,378,"तारण दे पापी को, प्रभु मुझे,"
425,,528,கோரப்பாவி ஆயினேன்,376,"मैं एक अधम पापी हूँ,"
426,,0,,0,
427,,521,ஜீவாதிபதியே எம்மிதயத்தினுள் வாரும்,380,"जीवन दाता हो, मन में आ जाओ,"
428,,519,என்னை என்றும் கைவிடாதவர்,383,"नहीं छोड़े तू कभी भी मुझ को, गिरने से संभाल तारणहारा,"
429,,522,பாவியாயிந்த பாரினில் பிறந்தேன்,375,"मैं हूँ पापी जग में खोया, मुझ को कौन बचाये,"
430,,520,நான் என் இரட்சகரை—என்,373,"मैंने जब अपने त्राता को मेरे हृदय में अपनाया,"
431,,526,"பிளவுண்ட மலையே,",394,"यीशु मेरे शरण स्थान ...तुझ में मेरा है कल्याण,"
432,,527,"வா ! நீசப் பாவி ! வா,",397,"उस मीठी वाणी को मैं सुनता हूँ तेरी,"
433,,525,நான் பாவி தான்—ஆனாலும் நீர்,396,"जैसा मैं हूँ बिना योग्यता ... पर लेकर आसरा लोहू का,"
434,,401,வானம் பூமி யாவற்றிலும் இயேசு மேலானவர்,0,
435,,524,பாவப்பாரமே கொண்டு,0,
436,,529,தயவுள்ள இயேசுவே பாவிக்கடைக்கலமே,379,"दयालु यीशु, पापी का आश्रय,"
437,,436,சபை ஒன்றே தான்,452,"मण्डली एक ही है,"
438,,0,,0,
439,,723,ஜெயங்கொள்ளுகிறவன் தேவகுமாரன்,0,
440,,0,,462,"हे सिय्योन नगर तू सोने का नगर है,"
441,,442,சீயோன் சிங்காரம் —நாம்,463,"हे सिय्योन नगर,"
442,,437,கர்த்தர் இயேசு சபையைக் கட்டுகிற வேலை,453,"प्रभु यीशु अपनी मण्डली बनाता, (2)"
443,,438,பக்தரின் சபையே கர்த்தரின் தேகம்,454,"भक्तों की मण्डली है प्रभु की देह, भरपूरी अपनी जिस में बह भर दे  (2)"
444,,0,,0,
445,,440,சக்திவாய்ந்த சாலேமின் ராஜா,470,"शक्तिशाली, राजा शालेम का, गुलाब शारोन का,"
446,,0,,469,"दिव्य दर्शन परमेश्वर का ... याकूब ने जब देखा,"
447,,0,,235,"आज के दिन से आशीष मैं दूँगा,"
448,,444,எல்லாம் உங்களுடையதே—வல்ல,460,"सारी चीजों है तुम्हारी,"
449,,439,பணிந்து தொழுவோம் பராபரனை—பணிவோம்,543,"प्रभु को सब मिलकर सराहो, (2)"
450,,443,ஆட்டுக் குட்டியானவரின்,466,"खुशी मनाओ, मेम्ने का विवाह उत्सव आया है ... आओ"
451,,0,,457,"आत्मिक घर है, प्रभु जो बनाता, आत्मिक नियम से है बनता"
452,,0,,0,
453,,445,தேவனின் வாசஸ்தலமாய் நாம் கட்டப்படுகிறோம்,458,"हम ईश्वर के घर की नाई बनाये गये हैं,"
454,,446,துதித்திடு துதித்திடு,345,"गाओ सना, गाओ सना, प्रभु यीशु महान राजा बना"
455,,447,சபையின் அஸ்திபாரம்,476,"सारी कलीसिया का एक यीशु है आधार,"
456,,448,தேவ நகரமாம் சீயோன்,0,
457,,0,,0,
458,,441,நாமோ கர்த்தரின் பரலோகக் குடும்பம் 2,459,"हम है प्रभु का स्वर्गीय घराना,"
459,,451,சபையே கிறிஸ்து இயேசுவின் தேகமே அதில்,455,"कलीसिया ख्रिस्त यीशु का शरीर है,"
460,,0,,456,"ख्रीष्ट यीशु प्रभु जिस मण्डली को अपने लोहू से मोला,"
461,,780,பரிசுத்த பட்டணமாம் புதிய எருசலேம்,467,"पवित्र नगर नये यरूशलेम को, स्वर्ग पर से उतरते हम ने देखा,"
462,,0,,468,"नया यरूशलेम, जो अद्‍भुत है, पवित्र नगर वही है,"
463,,449,கர்த்தரின் வீடு அவர் மகிமையால்,461,"प्रभु की महिमा प्रबु के घर को, भर दिया वह भर दिया"
464,,454,பரிசுத்த ஆலயத்தை எனக்கு,472,"मन्दिर बनाओ मेरे लिए, प्रभु परमेश्वर तू ने कहा है,"
465,,0,,604,"एक नगर तैयार है हमारे लिए,"
466,,0,,0,
467,,0,,0,
468,,0,,0,
469,,0,,0,
470,,0,,0,
471,,459,பழைய புதிய ஏற்பாடுகளிலே,0,
472,,462,கர்த்தராகிய தேவன் — விளம்புவதைக் கேட்பேன்,285,"आवाज प्रभु की सुनूंगा, जब वह मुझ से कहे, (2)"
473,,463,தாகத்தைத் தீருமையா—அபி,0,
474,,0,,283,"उन दिनों प्रभु का वचन ... दुर्लभ था यहोवा दर्शन,"
475,,0,,0,
476,,460,நித்தியன் இயேசுவையே துதிப்போம்—அவர்,277,"अनन्त यीशु की हम स्तुति करें, उसकी सच्चाई के लिए,"
477,,461,தாகமுள்ளவன் மேல் தண்ணீரை,493,"जो प्यासा है उस पर प्रभु पानी उँडेलेगा,"
478,,464,தேவா ஜீவ அப்பத்தைப் பிட்டுத் தாரும்,450,"जीवन की रोटी अब प्रभु खिला ... जैसे समुद्र पास खिलाता था,"
479,,466,"பேசும் கேட்;கிறேன் கர்த்தாவே,",0,
480,,465,"நாதா, உம் வார்த்தை கூறவே",451,"बोल मुझ से, कि मैं बोल सकूं ... हे प्रभु ! तेरी वाणी से,"
481,,467,கர்த்தாவே உம் சத்தம் கேட்டிடச் செய்யும்,286,"बोल यहोवा सुनता तेरा दास, वाणी अब तू सुना दे,"
482,,0,,0,
483,,0,,0,
484,,0,,0,
485,,0,,0,
486,,615,இயேசுவை விசுவாசிப்போர்,494,"यीशु पर विश्वास जो लाते, उसी के अनुग्रह द्वारा,"
487,,616,கர்த்தரைத் துதியுங்கள் அவர் நல்லவரே,0,
488,,617,ஆனந்தமே பரமானந்தமே—இயேசு,487,"आनन्द से भर कर जाएँगे हम सब,"
489,,627,இதோ புதிய காரியம் செய்வேன் —இகந்தன்னிலே,280,"देखो मैं एक नया काम अब करूँगा जरूर,"
490,,618,சிறந்தே விளங்கும் சீயோன் வாசி சர்வாதிகாரி,279,"पवित्र सिय्योन के वासी, सर्वाधिकारी की महिमा है बड़ी,"
491,,611,கர்த்தருக்குள் மகிழ்ந்திருப்பதே,234,यहोवा का आनन्द ही दृढ़ गढ़ तुम्हारा है
492,,619,தேவனின் தீர்மானம் —பக்தரே,0,
493,,621,எப்போதுமே எப்போதுமே,616,"सभी समय, सभी समय, सभी समय आनन्द है,"
494,,633,"தேவ சமாதான இன்ப நதியே,",0,
495,,655,ஆவியில் எளிமையுள்ளவர்கள்,495,"धन्य हैं वे जो ... मन के दीन हैं, क्योंकि स्वर्ग का राज्य ... उन्हीं का है,"
496,,664,என்றென்றும் நிலைப்பது அன்பே,504,"प्रेमी यीशु मसीह का, हाँ प्रेम ही सबसे अटल है,(2)"
497,,623,பரிசுத்தர்களாயிருங்கள் —தேவ,554,"पवित्र तुम बने रहना,"
498,,620,அன்பே அன்பே அன்பே,479,प्रेम प्रेम (2)
499,,628,முன்னறிந்தீரே யேகோவா,0,
500,,629,நான் இயேசுவின் ஒளியில் நடக்கிறேன்,557,"मैं यीशु के नूर में साथ चलूंगा, दिन औ रात उसके पीछे मैं चलूंगा,"
501,,625,நீங்கள் உலகத்திற்கு வெளிச்சம்,533,"तुम ही, तुम ही, इस जग की हो ज्योति,"
502,,624,வல்லவர் இயேசுவின் மகிமை—பாடி,483,"प्रभु यीशु की ज्योति यदि कहूँ वह कैसी महान,"
503,,610,நான்தான் பயப்படாதிருங்களென்றார்,0,
504,,0,,0,
505,,0,,197,"हे ईश्वर तेरे विचार कैसे अमूल्य हैं मेरे लिए,"
506,,0,,281,"हे आकाश, कान लगा अब तू ... कि मैं बोलूंगा,"
507,,0,,110,शान्तिदाता प्रभु यीशु की शान्त मन्दिर में हो स्तुति
508,,626,விசுவாசிகளே விழித்தெழுங்கள்,602,"उठो, जागो हे मसीहियो, यर्दन पास जाने को,"
509,,0,,0,
510,,674,பயப்படாதிரு நீயே யுத்தம் கர்த்தருடையதே,553,"सन्तों, नही डरना ... युद्ध है यहोवा का,"
511,,622,பயப்படாதே சிறு மந்தையே,549,"हे छोटे झुण्ड तू कभी भी मत डर,"
512,,612,நாம் இயேசுவுக்கே சொந்தம்,489,"हम यीशु प्रभु के हैं, और उस का ही रहेंगे,"
513,,613,இயேசுவை நோக்கிப் பார்த்தவர்கள்,492,"जिन्होंने उस की ओर दृष्टि की,"
514,,614,உலகம் ஜீவன் மரணமாகிலும்,612,"जगत, जीवन, मरण, भविष्य, सब कुछ तुम्हारा है,"
515,,0,,0,
516,,630,பூர்ண இரட்சிப்பை அளிக்க,0,
517,,631,கண்டேனே கருணை சத்யம்,0,
518,,634,"துன்பம் உன்னைச் சூழ்ந்தலைக்கழித்தாலும்,",622,"जीबन में जब आंधी तुम पर चलती है, और निराशा आ घेरे जब, सब हो क्षय,"
519,,638,"என் முன்னே தேவன் போகிறார்,",517,"उत्तम और शान्तिदायक बात ... कि ईश्वर थामे मेरा हाथ,"
520,,636,"பாதை காட்டும், மா யேகோவா,",443,"राह बता, महान परमेश्वर ... राही मैं निर्जन पथ का,"
521,,637,"இரட்சா பெருமானே, பாரும்,",448,"प्रभु यीशु, मेरे प्रिय ...लोगों का बचानेहार,"
522,,574,"உம்மண்டை, தேவனே,",518,"ईश्वर तेरे समीप, मैं पहुँचूं ... और क्रूस से मुझ को भी सामर्थ मिले,"
523,,640,"ஆசீர்வாதம் நாடி அன்பரை விட்டேன்,",0,
524,,639,எந்தன் ஆத்ம நேசரே,519,"यीशु, मेरे प्राण के मीत ... जब तक जग में रहता हूँ,"
525,,635,என் மேய்ப்பர் இயேசுகிறிஸ்து தான்,520,"यीशु चरवाहा मेरा है ... मैं उस की दया पता,"
526,,632,"ஒப்பில்லாத திவ்விய அன்பே,",449,"दिव्य प्रेम, सर्वोत्तम सब से ... स्वर्गीय आनन्द आ उतर,"
527,,458,"அன்பாய் எம்மை நடத்தினீர்,",212,"प्यार से तू लेकर आया,"
528,,651,ஆனந்தம் மகா ஆனந்தம—கிறிஸ்தேசுவில் ஆனந்தம்,371,"आनन्द, महान आनन्द है, प्रभु का वह आनन्द है,"
529,,642,நீங்கள் மிகுந்த கனிதருவதால்,497,"तुम बहुत सा फल लाओगे, पिता की महिमा होगी,"
530,,643,விழித்தெழுவாய் நீ விழித்தெழுவாய்,432,"जागते रहना, जाहते रहना,"
531,,653,அற்புத ஆசீர்வாதங்கள் ஆண்டவரே பொழிந்தீர் நீரே,206,"अदभुत् है तेरी आशीष प्रभुजी उण्डेली तू ने,"
532,,562,கிறிஸ்துவை நோக்கி முன்னேகிடுவேன் சீயோனின் யாத்திரையில்,598,"मसीह को देख कर, आगे बढूं मैं, सिय्योन के यात्रा में,"
533,,669,செல்லுவோம் நாம் சேர்ந்து சென்றிடுவோம்,546,"आओ चलें, हम मिलकर चलें,"
534,,534,பரனே பாவி நான் வழி தப்பி அலைந்தேன் 2,220,"हे प्रबु, भूला भटका दूर मैं,"
535,,0,,597,"दुनिया के इस सफर में जब रहता,"
536,,0,,548,क्या तू पहिला प्रेम अब छोड़ा है ?
537,,670,தேவன் தம்மோடு நம்மை,547,"ईश्वर के साथ सहकर्मी और, भगीदार हम को किया,"
538,,749,நிச்சயமாய் நான் உன்னை ஆசீர்வதிப்பேன் 2,209,"आशीष के ऊपर आशीष तुझ को दूँगा,"
539,,658,இயேசு நம்மோடிருக்கையில்,555,"यीशु प्रभु का साथ अब है, हिम्मत से हम बढ़ेंगे,"
540,,0,,278,"प्रभुजी, तू ने हैं की, प्रतिज्ञाएँ हम से,"
541,,677,பூரிப்பாய் மகிழுவோம் கர்த்தருக்குள்,488,"हर्षित हम होंगे यहोवा में,"
542,,0,,464,"जग जग अब हे सिय्योन ... अपना बल कर धारण,"
543,,0,,0,
544,,0,,0,
545,,0,,0,
546,,0,,0,
547,,0,,0,
548,,0,,0,
549,,0,,0,
550,,0,,0,
551,,0,,0,
552,,0,,0,
553,,0,,0,
554,,0,,0,
555,,477,பிரபு இயேசு என் இரட்சகா என்றும் உம்மைக்காணும,0,
556,,483,ஓ சர்வவல்லவா சத்யமாயுள்ளவா,399,"सर्व शक्तिमान, मेरे सच्चे प्रभुजी,"
557,,468,நீதிமான்களின் ஜெபங்களையே,404,"धर्मी लोगों की प्रार्थना परमेश्वर निश्चय सुनेगा,"
558,,488,ஆறுகளைத் திறந்து விடும்,419,"प्रभु नदियाँ बहायेगा, निर्जल, ऊँचे पर्वतों से,"
559,,0,,0,
560,,470,"வானங்களும், வானாதி வானங்களும்மைக்",0,
561,,0,,410,"स्वर्ग से उण्डेल प्रभु अग्नि सा जीवन,"
562,,484,பரிசுத்த அக்கினி அனுப்பும் தேவா,0,
563,,0,,402,"परिशुद्ध, परिशुद्ध प्रभु यीशु आ आ,"
564,,0,,430,"तुम तो आत्मा के युद्ध को जीत लो रे,"
565,,471,ஆசீர்வாதத்தை நாடினோம்,401,"आशीष तुझ से चाहते हैं,"
566,,472,"வல்ல ஆவியே இயேசு எங்கள் மீதிலே,",409,"हे पवित्र आत्मा समर्थ प्रभु,"
567,,476,ஆச்சரியமானவர் இயேசு,561,"यहोवा ने आश्चर्य काम किए हमारे लिए,"
568,,473,வல்ல தேவா என்னை நிரப்பும்,420,"भर दे प्रभु मुझे तू (2), ... सारी भरपूरी से अपनी मुझे तू  (2)"
569,,471,ஆசீர்வாதத்தை நாடினோம்,0,
570,,0,,417,"करुणा से प्रभुजी, वापस दे जो खोया मैं,"
571,,0,,411,"सुन ले पुकार हमारी, महान शक्तिवाले,"
572,,474,ஆவியாம் தீபமே,424,"जीवन दीप जलाओ (2), प्रभुजी मेरे, प्रभुजी मेरे, (2)"
573,,0,,713,"प्रभुजी तेरे काम को ... पूरा तू कर दे हम में,"
574,,479,ஓ என் கர்த்தாவே உயிர்ப்பித்தருளும்,418,"हे प्रभु भेज अब तू जागृति,"
575,,274,பரம பிதாவே கரமெ கூப்பி,400,"परमपिता हम हाथ उठाकर स्तुति करते हैं,"
576,,480,கர்த்தாவே எங்களை நிரப்பும்,421,"हे प्रभु तू भर दे, सारी परिपूरी से (2),"
577,,478,ஒளியை நீர் கொடுத்து வழியைக்காட்டிடும்,425,"ज्योति दिखा दो, मार्ग बता दो,"
578,,485,தேவா பொழிந்திடும் தேவா பொழிந்திடும்,429,"प्रभु बरसा दो (2), आशीषें बारिश बरसा दो, प्रभु बरसा दो"
579,,481,இரங்குமே! என் இயேசுவே,416,"मेरे यीशु करुणा तू कर, तू करुणा का धनी है,"
580,,482,திருப்பாதம் நம்பி வந்தேன்,415,"तेरे चरणों में झुकता हूँ, अनुग्रहकारी यीशु,"
581,,469,கேளுங்கள் நீங்கள் தருவேன் என்றார்,407,"माँगों उस से, प्रभु तुम्हें देगा, निश्चय वह देगा,"
582,,486,சேர்ந்திடுவோமே தைரியமாய்,405,"आओ चलें हियाव बान्धकर, अनुग्रह सिंहासन निकट,"
583,,487,கர்த்தாவே அருள்மாரி பொழியும்,428,"प्रभुजी भेजो वर्षा को, पूरी करने प्रतिज्ञा को,"
584,,120,ஓ கருணைநாதா மகாராஜா இயேசு,128,"हे करूणानिधान तू यीशु महान,"
585,,491,இயேசு ஸ்வாமி அருள் நாதா!,444,"छोड़ न मुझे, प्यारे यीशु ! बिनती सुन मेरी,"
586,,489,ஜீவத்தண்ணீரின் நதிகள்,0,
587,,490,அருள் ஏராளமாய்ப் பெய்யும்,442,"होगी आशीषों की बारिश ... है यह प्रेम की प्रतिज्ञा,"
588,,493,பாவ சஞ்சலத்தை நீக்க,445,"यीशु कैसा मित्र प्यारा ! ... पाप और दुख उठाने को,"
589,,494,சர்வ வல்லவரே,0,
590,,475,என் ஜெபவேளை வாஞ்சிப்பேன் !,446,"पवित्र समय प्रार्थना का ... सांसारिक बातें छोडूंगा,"
591,,503,எக்காலும் இயேசுவே !,447,"रह मेरे पास सदा ... प्रभु दयाल, तू अपने वचन से ... मुझे संभाल"
592,,495,சோர்ந்திடாமல் ஊக்கமாய்—ஓய்வின்றி,406,"हियाव न छोड़ो कभी, प्रार्थना तुम करो,"
593,,496,உம் முகத்தை நாடி வந்தோம் 2,412,"हम आते तेरे पास, प्रभु, प्रार्थना सुन ले आज,"
594,,0,,0,
595,,0,,426,जीवन की यह प्यास मेरे ... अब बुझा प्रभु यीशु प्यारे
596,,81,ஆண்டவரே என் உள்ளத்தை,67,हे यहोवा तू ने मुझ को ... जाँचकर जान लिया है  (2)
597,,0,,413,"ईश्वर के सम्मुख आते,"
598,,0,,403,"प्रार्थना सुननेवाला, प्रार्थना करो तू ने कहा,"
599,,0,,398,"मेरे बाद मिलकर दुआ करते रहना,"
600,,0,,0,
601,,0,,0,
602,,0,,0,
603,,0,,0,
604,,0,,0,
605,,0,,0,
606,,0,,0,
607,,688,என்ன என் ஆனந்தம்! என்ன என் ஆனந்தம்!,477,"कैसी खुशी है, कैसी खुशी है, बयान से बाहर है,"
608,,228,இரக்கங் கிருபையுள்ள என் தேவா,203,"दया, अनुग्रह का प्रभु हमारा, धन्यवाद मैं करूँ"
609,,692,இயேசுவின் இரத்தத்தால் மீட்படைந்தோம்,199,"अमूल्य लोहू से बचे हुए जन, ... प्रतापमय ईश्वर की है सन्तान,"
610,,0,,427,"आसी की यीशु प्यारे, बिगड़ी बनाते जाना,"
611,,652,நீல மண்டல நட்சத்திரங்கள்,545,"नीले गगन में चमके तारे, दुनिया में वैसे ही चमके हम, ( 2)"
612,,689,நல்ல போராட்டம் போராடு,544,विश्वास सहित आओ ... प्रचारे यीशु को
613,,0,,482,"जीवित है, यीशु जीवित है,"
614,,687,என் பாவங்களையெல்லாம் மன்னித்தார்—கர்த்தர்,478,"मेरे पापों कि क्षमा तू ने की, प्रभु मेरी आँखें तू ने खोल दी,"
615,,0,,481,"संकट और दुःख क्लेश मेरा मिट गया है,"
616,,690,இரட்சண்யத்தின் மேன்மை,502,"महान उद्धार जो है, प्रगट किया प्रभु ने,"
617,,691,எனக்காய் ஜீவன் விட்டவரே,614,"जीवन दिया मेरे लिए, जी उठा साथ रहने के लिए,"
618,,686,எந்தன் உள்ளத்தில் விந்தை மாற்றமே 3,347,"जीवन मेरा बदल गया है (3),"
619,,694,என் பாவம் தீர்ந்த நாளையே,521,"परमेश्वर ही की दया से ... सभी सुरक्षित हैं उस में,"
620,,695,கேட்டாயா உன் மீட்பர் சத்தம்,0,
621,,0,,0,
622,,641,பரன் நமக்களித்துள்ள திருமறை உரைப்படி,284,"वचन जो प्रभु से दिया गया उसके द्वारा,"
623,,0,,0,
624,,0,,704,क्या तेरी गवाही? क्या है तेरा बलिदान?
625,,0,,0,
626,,0,,592,"इंजील को फैलाना ... यह काम हमारा है, (2)"
627,,581,எழும்பியே நீ பிரகாசி—உன் ஒளியே வந்தது,528,"उठ, ज्योतिमान तू हो जा ... तेरी ज्योति है तुझ पर चमकी, (2)"
628,,585,சிலுவை வீரரே நீங்கள் விரைவினில் போங்கள்,541,"प्यारे हिम्मत बांधों आगे बढ़ो,"
629,,586,"தங்கள் தேவனை அறிந்தோர் திடன் கொள்ளுவார்கள்,",491,"अपने प्रभु को पहचानने वाले, शक्ति पा के काम करेंगे  (2)"
630,,577,சிலுவையைச் சுமந்து சீராய் நடந்து,522,"अब वक्त सलीब उठाने का,"
631,,579,தெரிந்தீர் சேனைகளின் கர்த்தரே காருண்யமாய்,0,
632,,580,இப்பூமிக்கு எம்மைத் தேவா எம் தேவா,535,"इस जग के लिए तू ने,"
633,,578,"எழும்புங்கள் சோதரி, சோதரரே",530,"हे भाइयो बहिनों, अब जाग उठो,"
634,,0,,537,"जय जय जय जय यीशु प्रभु,"
635,,0,,531,"भाइयों और बहनों अब जागो सभी,"
636,,0,,584,"क्या मैं खाली हाथ से जाऊँ, अपने प्यारे यीशु पास ?"
637,,0,,583,"यीशु को मैं सब कुछ देता ... सब कुछ अर्पण करता हूँ,"
638,,587,எழும்பு ஜாமக்காரனே,431,"हे पहरुआ जागता रह ... तू है सिपाही यीशु का,"
639,,588,இருள் சூழும் காலம் இனிவருதே,532,"घोर अंधकार अब आ रहा है, अनुग्रह दिन उपयोग तुम करो,"
640,,609,கர்த்தருக்காக உழைப்போம்,564,"तुम प्यारे प्रभु की सेवा में अपने को दान करो,"
641,,582,இயேசு கிறிஸ்துவின் நல் சீடராகுவோம்,525,"यीशु मसीह के अच्छे चेलों के समान, विश्वास से हम आगे बढ़े,"
642,,589,மந்தையில் சேரா ஆடுகளே,408,"झुण्ड में कई भेड़ें आई नहीं, करोड़ों दुनिया में जो हैं,"
643,,592,"முயல்வோம் ! முயல்வோம் ! தேவ ஊழியரே,",590,"सेवा में, सेवा में हम नित तत्पर रहें,"
644,,591,சத்ய வேதமான விதை காலை மாலை,591,"भोर के समय बोते ... दया रूपी बीज हम,"
645,,590,கரை ஏறி உமதண்டை,584,"क्या मैं खाली हाथ से जाऊँ, अपने प्यारे यीशु पास ?"
646,,593,ராஜாதி ராஜாவுக்கென்றே,0,
647,,0,,0,
648,,0,,0,
649,,0,,0,
650,,0,,0,
651,,719,யேகோவா நின் க்ருபை அதிசயங்களை,201,"प्रभु तेरी अनमोल करुणा, नित्य मैं गाऊँगा"
652,,714,ஆண்டவர் இயேசுவில் ஆர்ப்பரிப்போமே,226,"प्रभु यीशु में आनन्द हम करते हैं,"
653,,229,ஜெயம் ஜெயமே கூறுங்கள்,263,"बोलो जय मिलकर जय, बोलो जय यीशु की जय,"
654,,717,மகிமை நிறைந்த மன்னவனே,115,महिमा से तू जो भरा हुआ ... ज्योति में सदा रहनेवाला ;
655,,0,,262,"प्रभु यीशु की है जय, क्रूस की शक्ति से हैं जय"
656,,0,,529,"जागो, जागो, जागो, जागो हे मेरे प्राण,"
657,,718,உயர்ந்த ஸ்தலங்களின் மேல்,503,"ऊँचे स्थानों में प्रभु,"
658,,721,தேவனுக்கே துதி மரணத்தை வென்றார்,272,"ईश्वर की स्तुति हो, मृत्यु पर जयवन्त है,"
659,,716,ஜெய ராஜ கொடி ஏற்றிக் காட்டியே,0,
660,,588,இருள் சூழும் காலம் இனிவருதே,0,
661,,715,தீவினை செய்யாதே மா சோதனையில்,589,"लड़ो तुम शैतान से ... कि हारतता है पाप,"
662,,190,அதிகாரம் பெற்றிருக்கிறீர்—நீரே,132,"सर्वाधिकारी हे प्रभु, तू ही,"
663,,722,சுதந்தரமாய் சகலத்தையும்,499,"मीरास दे दी प्रभु ने उन्हें, जो कोई जयवन्त हुए"
664,,720,ஜெயங்கொள்ளுங்களென்று இயேசு உரைத்தார்,542,"जयवन्त बनो तुम भी यीशु ने कहा,"
665,,667,கிறிஸ்தேசு சிலுவையை நோக்கிப் பார்த்து,599,"क्रूस पर से अपनी नजर न हटाऍं,"
666,,666,கிறிஸ்தே நம் ஜீவியத்திற்கு,618,"ख्रीष्ट है इस जीवन का एक उत्तम रखवाला,"
667,,0,,0,
668,,0,,0,
669,,0,,0,
671,,762,மகிழ்வோம் இயேசுவில் மகிழ்வோம் பரன்,0,
672,,737,எல்லா நேரத்திலும் பொல்லா காலத்திலும்,615,"हर समय और हर हाल, सब परिस्थितियों में,"
673,,230,ஆனந்தமே இப்புவியில் ஆ ஆ ஆ ஆ,269,"आनन्द ही आनन्द है, आहा ! हमें ..."
674,,746,மன்னன் முன்னே நிற்போம் நாம் பொன்முடி சூடி,619,"जलाल के बादशाह के सामने ... ताज पहिने हुए,"
675,,735,தாகமுள்ளோரெல்லாம் வாரும்,0,
676,,736,தாகமுள்ளோர்களெல்லாரும்,484,"हे सब प्यारे जन नदी के पास,"
677,,738,பாவிகளின் இரட்சகன் இயேசு,107,तारणहार जगत का प्रभु यीशु ... दूतों का परमेश्वर प्रभु यीशु ;
678,,682,யோர்தானைக் கடந்தே போ—யாத்ரீகா,601,"चलो यर्दन पार मुसाफिर,"
679,,729,பாக்கியவான் சதா பாக்கியவான்,496,"धन्य तू है, सदा धन्य तू है, हे इस्राएल क्या ही धन्य तू है,"
680,,760,புதியவானம் புதிய பூமியையுமே கண்டேன்,605,"फिर मैंने देखा नये आकाश और नयी पृथ्वी भी,"
681,,739,எங்கள் இருதயங்கள் களிகூரும்,632,"प्रभु यीशु के आने के समय,"
682,,713,நான் பிரமித்து நின்று பேரன்பின்,485,"यीशु के प्यार के दरिया को ... हैरत से मैं ने देखा,"
683,,147,இயேசு கிறிஸ்துவின் தரிசனமே—இன்று,0,
684,,683,யோர்தான் நதியோரம் திகையாதே மனமே,600,"यर्दन नदी के पार चल ऐ मन मेरे,"
685,,0,,0,
686,,734,பிரபுவே உம் பரிபூரணத்தினின்று,208,"हे प्रभु तेरी परिपूर्णता से, मिलती हमें आशीष भरपूरी से"
687,,0,,0,
688,,763,உன்னத வீட்டைச் சீக்கிரம் சென்று,0,
689,,0,,611,"स्वर्गीय नगर सिय्योन, स्वदेश हमारा है,"
690,,0,,0,
691,,0,,0,
692,,0,,0,
693,,759,செல்லுவோம் பரம தேசத்திற்கு,610,"जाऍंगे उत्तम एक देश में जरूर, रहेंगे प्रभु के साथ हम जरूर, (2)"
694,,761,அதிசயமான ஒளிமய நாடாம்,609,"प्रकाशमय जो अद्‍भुत देश हव,"
695,,0,,287,"उसकी प्रतिज्ञाओं को विश्वास और धीरज से,"
696,,733,நீதியின் சூரியன் உங்கள்மேல் உதிக்கும்,595,"धार्मिकता का सूरज उदय अब होगा,"
697,,732,நீதியின் சூரியன் நம்மேல் உதிக்கும்,594,"धार्मिकता का सूरज उदय अब होगा,"
698,,0,,633,"मसीह के उस दिन में प्यारे विश्वासी,"
699,,198,இயேசுவை என்றும் துதித்திடுவோமே,205,"यीशु की नित्य हम स्तुति करेंगे, भूमि आकाश का जो सिरजनहारा,"
700,,649,அநாதி தேவன் உன் அடைக்கலமே,593,"अनादि ईश्वर आश्रय है,"
701,,741,இயேசுவே உம் வாக்குகளை—எப்போதும் நினைவுகூர்ந்து,613,"यीशु तुझ को भूल न जाऊँ, याद करूँ मैं पल पल में,"
702,,740,பரதேசி யானேன் கர்த்தாவே பாரில்,596,"यात्री हूँ मैं जग में प्रभुजी, चलता हूँ मार्ग मैं तेरा,"
703,,0,,154,"हे प्रभु तू विश्वासयोग्य सामर्थी है,"
704,,742,தேவகிருபை என்றுமுள்ளது,202,"ईश्वर की दया नित्य रहेगी, उसका अनुग्रह मिलता रहेगा,"
705,,730,உன்னத துருகமே—என் தேவனே,85,"ऊँचा गढ् है प्रभु मेरा, तारण्हार तू मेरा आश्रय है"
706,,731,நிரப்பினார் நம்மை நன்மைகளினால்,498,"तुम को भरा वह सारी भलाई से, स्वर्गीय आशीष है यह"
707,,745,இயேசுவே நம் சுதந்தரம்,500,"यीशु हमारी है मीरास, दूसरी मीरास अब है ही नहीं"
708,,744,கர்த்தராம் இயேசுவே நமக்கு,239,"यहोवा ने हम लोगों का जितना उपकार किया है,"
709,,0,,0,
710,,757,பகலோன் கதிர்போலுமே,621,"सूर्य जहाँ अस्त उदय ... ख्रिस्त राज्य वहाँ करेगा,"
711,,753,"என் மீட்பர் இரத்தம் சிந்தினார்,",623,"आशा का मेरी दृढ़ आधार, ख्रिस्त का लहू और धर्म आपार,"
712,,0,,624,"मसीह का रक्त और धर्म अपार है मेरा सुन्दर धर्म सिंगार,"
713,,755,இயேசுவை நம்பிப் பற்றிக்கொண்டேன்,626,"यीशु है मेरा, धन्य निश्चय ! मन में है देता आनन्द, विजय,"
714,,756,"பொன்னகர் இன்பத்தைப் பெற்றிடுவோம்,",620,"जब दुःख मुसीबत हैं मेरे तमाम, और मुझको मिला आसमान में आराम,"
715,,754,"இயேசுவின் கைகள் காக்க,",625,"रक्षित मसीह की गोद में, रक्षित मसीह के पास,"
716,,359,"திவ்யக் காளச்சத்தம் கேட்க இயேசு தோன்றும் காலத்தில்,",0,
717,,764,மா சாலேம் சொர்ண நாடு பால் தேனாய் ஓடிடும்,0,
718,,517,பரத்துக்கேறு முன்னமே,0,
719,,0,,80,"यहोवा महान और स्तुति के योग्य है,"
720,,709,நான்தான் பயப்படவேண்டாம் என்றுரைத்தார் 2,550,"डरना नहीं मैं हूँ कहा है, ... उद्धारकर्ता यीशु प्रभु"
721,,782,இன்ப இயேசு ராஜாவை நான் பார்த்தால் போதும்,617,"प्रैय यीशु राजा को मैं देखूँ, काफी है,"
722,,0,,527,"उठो, आओ, महान प्रभु के भावी गवाहो, उठो"
723,,703,கர்த்தர் இயேசுவே மகிமை நம்பிக்கையாய்,501,"मसीह हमारी महिमा की आशा, वह जो हम में है, (2)"
724,,565,நான் உமக்கே சொந்தம்,490,"प्रभु मैं तेरा हूँ, मसह मैं तेरा हूँ,"
725,,779,பரலோகமே என் தேசமாம்,608,"स्वर्ग मेरा देश, स्वर्ग मेरा घर,"
726,,702,என் ஆசைகள் யாவும் தீர்ந்ததே நேச இயேசுவில்,480,"अरमान मेरा मिट गया है, प्यारे यीशु में,"
727,,765,அஸ்திபாரங்களுள்ள நகரத்திற்காய் நாம்,603,"हम उस स्थिर नेववाले नगर की, बाट अब जोहते हैं,"
728,,772,கர்த்தரின் ராஜ்யம் அசையாதது,606,"प्रभु तेरा राज्य अटल है, नहीं टले सदा रहेगा"
729,,771,என்றுமே நிலைத்திடும் இயேசு ராஜ்யமே 2,607,"यीशु का राज्य अटल है, वह हिलने का नहीं,"
730,,676,பிரபுவே இலக்கை நோக்கி,0,
731,,0,,0,
732,,0,,0,
733,,0,,0,
734,,0,,0,
735,,0,,0,
736,,0,,0,
737,,0,,755,यीशु तेरे चेहरे को देखता रहूँ
738,,0,,0,
739,,0,,0,
740,,0,,0,
741,,0,,0,
742,,0,,0,
743,,544,ஜீவனைக் கொடுப்பேன் ஜீவாதிபதிக்கே,0,
744,,0,,346,जी हम ने यीशु से कर ली प्रीत
745,,540,இயேசுவே எந்தன் சிலுவையை எடுத்து,558,"यीशु के पीछे पीछे चला जा रहा हूँ मैं,"
746,,547,என் மீட்பர் சென்ற பாதையில்,0,
747,,0,,540,"त्रियक प्रभु के नाम पर जान अपनी देनी होगी,"
748,,541,தேவ ஆவியின் நெருப்பு தேஜஸாய் எரியுதே,536,"दिल में आग अब जलती है ... रूह की आग पवित्र,"
749,,543,இயேசுவின் தரிசனம் அடைந்த பின்,523,"प्रभु का दर्शन, यीशु का दर्शन,"
750,,542,பிரிய இயேசுவின் சேனை வீரர்கள் நாம்,539,"प्रिय यीशु मसीह के दलवाले, हम सैनिक हैं, हम सैनिक हैं,"
751,,0,,596,"यात्री हूँ मैं जग में प्रभुजी, चलता हूँ मार्ग मैं तेरा,"
752,,546,இயேசுவின் நிந்தையைச் சுமப்போம்,526,"जिल्लत उठा के तुम,"
753,,548,இயேசுவின் சீஷர் நாம் ஏகிடுவோம்,524,"हम यीशु मसीह के चेले हैं, दुनिया में घूम मचा देगे,"
754,,727,இயேசு கிறிஸ்தே நல்லவர்,538,"यीशु मसीह दिलावर है, शैतान से जोरावर है 2"
755,,549,பொருளாலே கனம்பண்ணு கர்த்தரை,563,"उपकार की भेंट अपनी,"
756,,0,,534,इस जग का मैं दीपक हूँ ... जीवन ज्योत जगा दूँगा
757,,545,உம் சிலுவையே என் மேன்மை இயேசு நாதா,560,"है तेरे क्रूस में मेरी शरण, यीशु प्रभु  2"
758,,553,"திவ்ய அன்பின் சத்தத்தை, இரட்சகா",585,"प्रभु तेरा हूँ तेरे वचन से ... तेरा प्रेम पहचानता हूँ,"
759,,555,"எந்தன் ஜீவன் இயேசுவே,",586,"प्रभु मेरा जीवन ले ... तेरा हो यह अभी से,"
760,,552,இயேசுவுக்கே ஒப்புவித்தேன்,583,"यीशु को मैं सब कुछ देता ... सब कुछ अर्पण करता हूँ,"
761,,551,பூவின் நற்கந்தம் வீசும் சோலையாயினும்,0,
762,,554,"நான் உம்மைப்பற்றி, இரட்சகா !",0,
763,,550,"இயேசுவே ! கல்வாரியில்,",587,"क्रूस के पास तू मुझे रख ... यीशु प्यारे त्राता,"
764,,561,கர்த்தர் இயேசுவையே நான் பின் சென்றிடுவேன்,559,"मैं तो यीशु के पीछे पीछे चलूंगा, 2"
765,,563,சர்வ வல்ல இயேசுவே உமக்கொப்படைக்கிறேன்,565,"मेरा सब कुछ है प्रभु, आज मैं तुझे सौंपता हूँ,"
766,,0,,0,
767,,0,,0,
768,,0,,0,
769,,0,,0,
770,,0,,0,
771,,0,,0,
772,,0,,0,
773,,681,நமது ஜீவனானவர்,657,हमारा जीवन और तारणहार यीशु  (2)
774,,784,வாலிபத்தில் சிலுஷ்டிகரை நினை,659,"अपने परमेश्वर के स्समने,"
775,,644,இயேசுவை இலக்காய் வைத்தே,660,"क्रूस ही तेरा निशान आगे बढ् ऐ जवान,"
776,,0,,0,
777,,0,,0,
778,,783,தயவுள்ள இயேசுவே உம்மை,661,"तुझ को पहचाने दयालु यीशुजी,"
779,,787,கர்த்தர் ஊழியத்தை செய்ய வாலிபனே வா,662,"सेवा प्रभु की तुम करे ए जवानों आओ,"
780,,556,அல்லேலூயா ஓசன்னா—துதி கனம் கர்த்தருக்கே,562,हल्लेलूयाह  होशन्ना
781,,0,,0,
782,,0,,0,
783,,0,,0,
784,,0,,0,
785,,0,,0,
786,,0,,0,
787,,0,,0,
788,,0,,0,
789,,0,,0,
790,,792,தேவனின் மெய்யன்பு வேத புஸ்தகத்திலுண்டு,672,ईश्वर का सच्चा प्रेम मिलता है धर्म पुस्तक में  (2)
791,,0,,674,"हर एक वायदा मेरे लिए है,"
792,,0,,0,
793,,0,,0,
794,,0,,0,
795,,0,,0,
796,,0,,0,
797,,0,,0,
798,,0,,0,
799,,0,,0,
800,,0,,0,
801,,0,,0,
802,,0,,0,
803,,0,,0,
804,,0,,0,
805,,0,,0,
806,,0,,0,
807,,0,,0,
808,,0,,0,
809,,0,,0,
810,,0,,0,
811,,0,,0,
812,,0,,0,
813,,0,,0,
814,,0,,0,
815,,0,,0,
816,,0,,0,
817,,0,,0,
818,,0,,0,
819,,0,,0,
820,,0,,0,
821,,0,,0,
822,,0,,0,
823,,0,,0,
824,,0,,0,
825,,0,,0,
826,,0,,0,
827,,0,,0,
828,,0,,0,
829,,0,,0,
830,,0,,0,
831,,0,,0,
832,,0,,0,
833,,0,,0,
834,,0,,0,
835,,0,,0,
836,,0,,0,
837,,0,,0,
838,,0,,0,
839,,0,,0,
840,,0,,0,
841,,0,,0,
842,,0,,0,
843,,0,,0,
844,,0,,0,
845,,0,,0,
846,,0,,0,
847,,0,,0,
848,,0,,0,
849,,0,,0,
850,,0,,0,
851,,0,,0,
854,,0,,0,
855,,0,,0,
857,,0,,0,
858,,0,,0,
859,,0,,0,
860,,0,,0,
861,,0,,0,
863,,0,,0,
864,,0,,0,
865,,0,,0,
866,,0,,0,
867,,0,,0,
868,,0,,0,
869,,0,,0,
870,,0,,0,
871,,0,,0,
