SongNumber,Telugu Title,English Title,TamilNumber,HindiNumber
1,దుష్టుల ఆలోచన చొప్పున,Dustula allochana choppuna,1,1
2,అన్యజనులేల లేచి - గల్లత్తు,Anyajanulela lechi galathu,2,3
3,యెహోవా మా ప్రభువా,Yehovaa maa prabhuvaa bhoomi,3,4
4,స్తుతింతున్ స్తుతింతున్,Stutinthun stutinthun naa kaalochana,5,6
5,యెహావా నా బలమా,Yehovaa Naa Balamaa,,
6,యాకోబు దేవుడాపద కాలంబుల,Yaakobu devudaapada kaalambula,,
7,నాదు దేవా నాదు దేవా,Naadu devaa naadu devaa,,
8,యెహోవా నా కాపరి,Yehovaa naa kaapari,,
9,నీవే యెహోవా నా కాపరివి,Neeve Yehovaa naa kaaparivi,,
10,యెహోవా నా కాపరి నాకు లేమి లేదు,Yehovaa naa kaapari naaku lemi ledu,,
11,యేసు ప్రభూ కాపరి నాకు,Yesu prabhoo kapari naaku,,
12,భూమియు దాని సంపూర్ణత లోకము,Bhoomiyu daani sampoornatha lokamu,,
13,దేవా నీ ముఖమును నాకు,Devaa nee mukhamunu naaku,,
14,ఉదయ సాయంత్రముల నెల్లవేళల ప్రభువా,Udaya saayanthramula nella velala prabhuvaa,,
15,యెహోవా నా దేవా నిత్యము,Yehovaa naa devaa nityamu,,
16,ఎవ్వని అతిక్రమములు మన్నింపబడెనో,Yavvani athikramamulu mannimpabaduno,,
17,సన్నుతింతు నెప్పుడెహోవాను,Sannuthinthu neppudehovaanu,,
18,పిల్లలారా నా మాట వినుడి,Pillalara na mata vinudi,,
19,వ్యసనపడకుము నీవు,Vyasana padakumu-neevu,,
20,యెహోవా నీ కోపము చేత,Yohovaa nee kopamu cheta,,
21,యెహోవా కొరకు సహనముతో కనిపెట్టన్,Yehovaa koraku sahanamutho,,
22,నీటి వాగుల కొరకు దుప్పి ఆశపడునట్లు,Neeti vaagula koraku duppi,,
23,నీ వెలుగు నీ సత్యము బయలు దేరనిమ్ము,Nee velugu nee satyamu bayalu,,
24,కుమారి ఆలకించు - నీ వాలోచించి,Kumaari aalakinchu - nee vaalochinchi,,
25,దేవుడే మనకాశ్రయమును,Devude mana kaashrayamunu,,
26,సర్వజనులారా చప్పట్లు కొట్టి పాడుడి,Sarva janulaaraa chappatlu kotti paadudi,,
27,మన దేవుని పట్టణమందాయన,Mana devuni pattana mandaayana,,
28,సర్వజనులారా వినుడి - మీరేకంబుగా వినుడి,Sarva Janulaaraa vinudi,,
29,యెహోవా నా దేవా,Yehovaa naa devaa,,
30,దేవా నా దేవుడవు నీవే,Devaa naa devudavu neeve,,
31,సర్వలోక నివాసులారా,Sarvaloka nivaasu laara,,
32,నీ మార్గము దేవా భూమి,Nee maargamu devaa,,
33,క్రీస్తుని నామము నిత్యము నిల్చున్,Kristuni naamamu nityamu nilchun,,
34,యూదాలో దేవుడు ప్రసిద్ధుడు,Yoodaalo devudu prasiddhudu,,
35,దేవునికి మొఱ్ఱపెట్టుదును ఎలుగెత్తి,Devuniki morra pettudunu elugeththi,,
36,మన బలమైన యాకోబు దేవునికి,Mana balamaina yaakobu devuniki,,
37,సైన్యముల యెహోవా,Sainyamula Yehovaa,,
38,ప్రభువు సెలవిచ్చుదాని నాలకింతును,Prabhu selavitchu daani naala kintunu,,
39,ప్రభువా తరతరముల నుండి,Prabhuvaa thara tharamula nundi,,
40,దేవా తరతరములకు,Devaa thara tharamulaku,,
41,మహోన్నతుని చాటున వసియించువాడే,Mahonnathuni chaatuna vasinchu vaade,,
42,సర్వోన్నతుని చాటున నివసించెడి,Sarvannathuni chaatuna nivasinchedi,,
43,యెహోవాను స్తుతించుట మంచిది,Yehovaanu stutinchuta manchidi,,
44,రండి యెహోవానుగూర్చి,Randi yehovaanu goorchi,,
45,యెహోవా మీద క్రొత్త కీర్తన,Yehovaa meeda kroththa keertana,,
46,సమస్త దేశములారా అందరు పాడుడి,Samastha deshamulaaraa andaru paadudi,,
47,సమస్త జనులారా మీరు,Samastha janulaaraa meeru,,
48,స్తుతియించు ప్రభున్ స్తుతియించు,Stutiyinchu - prabhun stutiyinchu,,
49,వారాయనను జనసమాజములో,Vaaraayananu jana samaajamulo,,
50,దేవా నా హృదయము,Devaa naa hrudayamu,,
51,స్తుతింతున్ దేవుని సభలో,Stutintun devuni sabhalo,,
52,యెహోవా నీ యొక్క మాట,Yehovaa nee yokka maata,,
53,నా శ్రమలో నేను యెహోవాకు మొఱలిడితిని,Naa shramalo Yehovaaku moraliditini,,
54,కొండలతట్టు కన్ను లెత్తుచున్నాను,Kondala thattu kanuleththu,,
55,యెహోవా మందిరమునకు వెళ్లుదమని,Yehovaa mandiramunaku velludamani,,
56,యెహోవా ఇల్లు కట్టించని యెడల,Yehovaa illu kattinchani yedala,,
57,యెహోవా అగాధ స్థలములలో నుండి,Yehovaa agaadha stalamula lonundi,,
58,సహోదరులు ఐక్యత కల్గి,Sahodarulu yaikyata kalgi,,
59,యెహోవా సేవకులారా స్తుతించుడి,Yehovaa sevakulaaraa stutinchudi,,
60,యెహోవాను స్తుతించుడి ఆయన,Yehovaanu stutinchudi aayana,,
61,యెహోవా - నీవు నన్ను పరిశీలించి,Yehovaa neevu nannu parisheelinchi,,
62,యెహోవా అందరికిని మహోపకారుండు,Yehovaa andarikini mahopakaarundu,,
63,ఓ నాదు యేసురాజా,Oh naadu yesu Raajaa,,
64,హల్లెలూయ నా ప్రాణమా,Halleluya naa pranamaa,,
65,దేవునికి స్తోత్రము గానము,Devuniki stotramu gaanamu,,
66,స్తుతియించుడాయన నాకాశవాసులారా,Stutiyinchu daayana naakasha vaasulaaraa,,
67,స్తుతించుడి యెహోవా దేవుని,Stutinchudi yehovaa devuni surya,,
68,యెహోవాకు స్తుతులు పాడండి - మీరు,Yehovaaku stutulu paadandi - meeru samaja,,
69,యెహోవాకు క్రొత్త కీర్తన పాడుడి,Yehovaaku krotha keerthana,,
70,దేవుని స్తుతియించుడి,Devuni stutiyinchudi,,
71,హల్లెలూయ యేసు ప్రభున్,Halleluyaa yesu prabhun,,
72,స్తుతించుడి మీరు స్తుతించుడి,Stutinchudi meeru stutinchudi,,
73,సీయోనుకు తిరిగి ప్రభువు,Siyonuku thirigi prabhuvu,,
74,యెహోవా నా స్తుతి కాదారుడా,Yehova na stuti kadaruda,,
75,నీ రెక్కల చాటున శరనొందెదన్,Ni rekkala catuna saranondedan,,
76,ఆద్యంతరహితుడవగు మా జ్యోతి,Adyantha rahithudavagu maajyothi,,
77,స్తుతించుడి స్తుతించుడి,Stutinchudi stutinchudi aayana,,
78,ఆదియంతము లేనివాడా,Aadi yantamu leni vaadaa,,
79,కల్వరిలోని శ్రేష్ఠుడా - కరుణా భరిత,Calvariloni shreshtudaa - karunaa bharitha,,
80,నా ప్రియ యేసు నీవే నా,Naa priya yesu neeve naa,,
81,పరిశుద్ధ పరిశుద్ధ పరిశుద్ధ ప్రభువా,Parishudda parishudda parishudda prabhuvaa,,
82,మంగళమే యేసునకు,Mangalame yesunaku - manujaavatharunaku,,
83,సుందర రక్షకుడా మాదు,Sundara rakshakudaa,,
84,స్తోత్రింతుము నిను మాదు,Stotrintumu ninu maadu thandri,,
85,క్రీస్తు యేసు దయాళు ప్రభు,Kristu yesu dayaalu prabhu,,
86,యేసు పరిశుద్ధ నామమునకు,Yesu parishudda naamamunaku,,
87,యేసు సమసిన సిల్వ చెంత,Yesu samasina silva chentha,,
88,సంస్తుతింతుము నిన్నే,Sannutintumu ninne,,
89,యెహోవాను గానము చేసెదము,Yehovaanu gaanamu chesedamu,,
90,ఆనందమానంద మాయెను,Aanada maananda mayenu,,
91,సాగిలపడి మ్రొక్కెదము,Saagilapadi mrokkedamu,,
92,యెహోవా మహోన్నతుడా,Yehovaa mohonnathudaa,,
93,ఆశించుము ప్రభు,Aashinchumu prabhu,,
94,ప్రియయేసు ప్రియయేసు,Priya yesu priya yesu,,
95,ఇదిగో నీ రాజు వచ్చుచుండె,Idigo nee raaju vachchu chunde,,
96,శరణం శరణం శరణం దేవా,Sharanam sharanam sharanam devaa,,
97,సాగిలపడి ఆరాధించెదము,Saagilapadi aaraadhinchedamu,,
98,యేసు తృప్తి పరచితివి,Yesu thrupti parachitivi,,
99,పరమ పవిత్ర స్వర్గపిత,Parama pavitra swargapitha,,
100,యేసు మధుర నామము,Yesu madhura naamamu,,
101,సర్వోన్నతుండగు దేవుని,Sarvonnatha stalambulo,,
102,ప్రభుని స్మరించు ప్రభుని,Prabhuni smarinchu,,
103,హర్షింతును - హర్షింతును,Harshintunu Harshintunu,,
104,నా ప్రాణ ప్రియుడా యేసురాజా,Naa praana priyudaa,,
105,దేవదేవుని కొనియాడెదము,Deva devuni koniyaadedamu,,
106,మధుర మధురము యేసు,Madhura madhuramu yesu,,
107,పరిశుద్ధ ప్రభు యేసు,Parishuddha prabhu yesu,,
108,జై జై జై జై రాజుల రాజా,Jai Jai Jai Jai raajula raajaa,,
109,యెహోవాకు పాడుడి పాటన్,Yehovaaku paadudi paatan,,
110,యేసునాథా త్రిలోకనాథా,Yesunaadha thriloka naadha,,
111,సర్వశక్తుడు నాకు,Sarvashakhtudu naaku,,
112,ప్రభో నీదు మహిమను పాడి,Prabho needu mahimanu paadi,,
113,ఓ యేసు నీ ప్రేమ ఎంతో,Oh yesu nee prema entho,,
114,ఓ ప్రేమగల యేసు,O premagala yesu,,
115,హల్లెలూయ పాడుడి,Halleluya paadudi,,
116,నేనే ఉన్నవాడననిన,Nene unnavaada nanina,,
117,వందనమో వందన మేసయ్యా,Vandanamo vandana mesayyaa,,
118,అర్పింతు స్తుతుల్ నీ,Arpinthu stutul nee,,
119,సంతోషమే సంతోషమే,Santoshame santoshame,,
120,రాత్రింబవళ్లు పాడెదను,Raatrimbavallu paadedanu,,
121,శాంతిదాయక యేసు ప్రభూ,Shanthi daayaka Yesu prabhoo,,
122,హృదయ మర్పించెదము ప్రభునకు,Hrudaya marpinchedamu,,
123,ఆనంద మానంద మానందమే,Aananda maananada maanandame,,
124,జై ప్రభు యేసు,Jai prabhu yesu,,
125,ప్రభువా నీ గొప్పతనము,Prabhuva nee goppa thanamu,,
126,వందనము నిమ్ము ప్రభు,Vandanimmu Nimmu Prabhu,,
127,ఓ నా హృదయమా పాడుమా,Oh naa hrudayamaa paadumaa,,
128,దేవా నీ తలంపులు అమూల్యమైనవి,Devaa nee thalampulu amoolya,,
129,స్తుతులకు పాత్రుండవు,Stutulaku paatrundavu,,
130,యేసు క్రీస్తు ప్రభువాయనే,Yesu kristu prabhuvaayane,,
131,హల్లెలూయ స్తుతి ప్రశంస,Halleluya stuti prashamsa,,
132,స్తోత్ర గీతములను పాడుచు,Stotra geetamulanu paaduchu,,
133,సర్వ కృపానిధియగు ప్రభువా,Sarva krupaa nidhi yagu,,
134,మహాఘనుడు మహోన్నతుడు,Mahaa ghanudu mahonnathudu,,
135,హల్లెలూయా స్తుతి హల్లెలూయా,Halleluyaa stuti Halleluyaa,,
136,కొనియాడి పాడి కీర్తించి,Koniyaadi - paadi keertinchi,,
137,దేవా నాయందు నీకు,Devaa naa yandu neeku,,
138,ఆద్యంత రహిత ప్రభువా,Adyantha rahitha prabhuvaa,,
139,నృపా విమోచకా ప్రభూ,Nrupaa vimochaka prabhu,,
140,శ్రీ రక్షకుని నామము,Sri rakshakuni namamu,,
141,రక్షకుని విచిత్ర ప్రేమన్,Rakshakuni vichitra preman,,
142,యేసుని నామ శబ్దము,Yesuni naama shabdamu,,
143,కంటిని గొప్ప ముత్యము,Kontini goppa mutyamu,,
144,భక్తులారా దుఃఖక్రాంతుడు,Bhaktulara dhukka krantudu,,
145,రాజాధి రాజుపై కిరీటముంచుడి,Rajadi rajupai kireetamunchudi,,
146,సర్వముపై యేసు రాజ్యమేలున్,Sarwamupai yesu rajyamelun,,
147,యేసు ప్రభూ గద్దెపైనున్న,Yesuprabhoo gaddepainunna,,
148,అత్యంత సుందరుండును,Atyantha sundarundunu,,
149,ఆ ముండ్ల కిరీటం బోయెను,Aa mundla kireetam boyenu,,
150,నమస్కరింప రండి,Namaskarimpa randi,,
151,"శుద్ధి, శుద్ధి, శుద్ధి! సర్వశక్తి ప్రభు!","Shudhi, Shudhi, Shudhi",,
152,నీ జల్దరు వృక్షపు నీడలలో,Nee jaldaru vrukshapu,,
153,యేసు నంగీకరించితి దైవపుత్రుడ,Yesu nangeekarinchiti daiva,,
154,దేవా నా ప్రభువా నిను గూర్చి,Devaa naa prabhuvaa ninu goorchi,,
155,ప్రభుయేసు నాకై నీ సర్వము,Prabhu yesu naakai nee,,
156,పావనుడా మా ప్రభువా,Paavanudaa maa prabhuvaa,,
157,యేసూ నన్ ప్రేమించితివి,Yesu nan preminchitivi,,
158,ప్రభువా నీదు ఘననామమున్,Prabhuvaa needu ghana,,
159,ప్రేమ నమ్మకముగల పరలోక,Prema nammakamugala,,
160,ఓ ప్రభువా యిది నీ కృపయే,O prabhuvaa idi nee,,
161,ప్రేమగల మా ప్రభువా,Prema gala maa,,
162,ఆరాధించెద నిను మది,Aaraadhincheda ninu madi,,
163,రుచిచూచి ఎరిగితిని,Ruchi choochi erigitini,,
164,నీదు విశ్వాస్యత మా,Needu viswasyatha maa,,
165,సన్నుతించెదను ఎల్లప్పుడు,Sannuthinchedanu ellappudu,,
166,దేవునికే మహిమ,Devunike mahima yuga,,
167,ఆశ్చర్యకరుడ వీవే,Aashcharya karuda vive,,
168,నా ప్రాణమా నా సర్వమా,Naa praanamaa naa sarvamaa,,
169,గాయములన్ గాయములన్,Gaayamulan gaayamulan,,
170,దూతగణములెల్ల ఆరాధించిరిగా,Doota ganamulella aaraadhinchiri,,
171,మా ప్రభుయేసు నీవే మా సర్వము,Maa prabhu yesu neeve,,
172,ప్రణుతింతుము మా యెహోవా,Pranutinthumu maa Yehovaa,,
173,అసమానుండగు ఓ క్రీస్తు,Asamanundagu oh kristu,,
174,ఘనత మహిమ ప్రభుకే,Ghanatha mahima prabhuke,,
175,స్తుతియు మహిమ ఘనత,Stutiyu mahima ghanatha,,
176,నా ప్రభు ప్రేమించెను,Naa prabhu preminchenu,,
177,ఓ ప్రభు నీవే ధన్యుడవు,Oh prabhu neeve dhanyudavu,,
178,పొందితిని నేను ప్రభువా,Ponditini nenu prabhuvaa,,
179,అందరము ప్రభు నిన్ను,Andaramu prabhu ninnu,,
180,పూజనీయుడేసుప్రభు,Poojaneeyudesu prabhu,,
181,నే పాడెద నిత్యము పాడెద,Ne paadeda nityamu,,
182,ప్రవిమలుడా పావనుడా,Pravimaludaa paavanudaa,,
183,విజయుండు క్రీస్తు,Vijayundu kristu,,
184,యేసు ప్రభువే సాతాను,Yesu prabhuve saataanu,,
185,పాడెదము నీ స్తుతులను,Paadedamu nee stutulanu,,
186,ప్రభువైన క్రీస్తు మహిమాస్వరూప,Prabhuvaina kristu mahimaaswaroopa,,
187,యేసు ప్రభుని సంకల్పములు,Yesu prabhuni sankalpamulu,,
188,జయశీలుడవగు ఓ మా ప్రభువా,Jayasheeludavagu oh maa,,
189,మహా సామర్థ్యా ఓ యేసు,Mahaa saamaardya,,
190,"స్తుతియూ, ప్రశంసయూ, మహిమయూ",Stutiyu prasamsayu mahimayu,,
191,"ఓ అబ్రాహాం, ఇస్సాకు","Oh Abraham, Issaaku",,
192,నా ప్రియమైన యేసుప్రభు,Naa priyamaina Yesu prabhu,,
193,తంబుర సితారతో,Tambura sitaratho,,
194,నా ప్రియుడా - పాపవిమోచకుడా,Naa priyudaa paapavimochakudaa,,
195,నీ మందిరము అతిశృంగారము,Ni mandiramu atisrngaramu,,
196,యేసు నీకే జయం జయము,Yesu nike jayam jayamu,,
197,ఆనందముతో - ఆరాధింతున్,Aanandamutho  aaradhinthun,,
198,నా మనోనేత్రము తెరచి,Naa manonetramu terachi,,
199,"మహిమ, ఘనత, స్తుతి ప్రభావము",Mahima ghanatha stuthi prabavamu,,
200,హల్లెలుయా పాడెదా,Halleluya padeda,,
201,ఆరాధనలకు యోగ్యుడవు,Aaraadhanalaku yogyudavu,,
202,స్తోత్రించెదము దైవకుమారుని,Stotrinchedamu daiva,,
203,దావీదు వంశ యేసు క్రీస్తుకు,Daveedu vamsa yesu,,
204,దేవాది దేవుని భూజనులారా,Devaadi devuni bhoo,,
205,స్తోత్రము యేసునాథా నీకు సదా,Stotramu yesu naadhaa,,
206,స్తుతియించు ప్రియుడా,Stutiyinchu priyudaa,,
207,స్తోత్రము స్తోత్రము స్తోత్రము,Stotramu stotramu stotramu,,
208,నమ్మకమైన నా ప్రభు,Nammaka maina naa prabhu,,
209,రక్షకుడా యేసు ప్రభో స్తోత్రము దేవా,Rakshakudaa yesu prabho stotramu,,
210,స్తోత్రము పాడి పొగడెదను,Stotramu paadi pogadedanu,,
211,స్తుతియింతుము - స్తోత్రింతుము,Stutiyinthumu - stotrinthumu,,
212,యెహోవా మహాత్మ్యము,Yehovaa mahaatmyamu,,
213,కృపగల దేవుని కొనియాడెదము,Krupagala devuni koniyaadedamu,,
214,స్తుతి ప్రశంస,Stuti prashamsha,,
215,భజియింప రండి ప్రభు,Bhajiyimpa randi prabhu,,
216,అనుదినము మా భారము,Anudinamu maa bharamu,,
217,భక్తులారా స్మరియించెదము,Bhakhtulaaraa smariyinchedamu,,
218,యేసు ప్రభును స్తుతించుట,Yesu prabhuni stutinchuta,,
219,యేసు దివ్య రక్షకుని,Yesu divya rakshakuni,,
220,ప్రభు నా దేవా,Prabhu naa devaa,,
221,ప్రభావ శక్తులు,Prabhaava shaktulu,,
222,యేసు ప్రభు నీ,Yesu prabhoo nee,,
223,జయమని పాడు జయమని,Jayamani paadu jayamani,,
224,ఓ జగద్రక్షకా,Oh jagadrakshakaa,,
225,కృపాతిశయముల్,Krupaathi shayamul,,
226,స్తుతించు - స్తుతించు,Stutinchu stutinchu,,
227,నే స్తుతించెదను యేసు నామమును,Ne sthuthinchedanu yesu namamunu,,
228,పాడెద దేవా - నీ కృపలన్,Padeda deva  nee krupalan,,
229,యేసు నామం మనోహరం,Yesu namam manoharam,,
230,ఎంత జాలి యేసువా,Entha jaali yesuvaa,,
231,శ్రీ యేసు నాథుని,Shree yesu naadhuni,,
232,దేవాది దేవా ప్రభువుల,Devaadi devaa prabhuvul,,
233,జై జై యేసురాజా,Jai Jai yesu raajaa,,
234,నాదు ప్రాణమా,Naadu praanamaa,,
235,ప్రభు నిను కీర్తించుచున్నాము,Prabhu ninnu keertinchu,,
236,జీవంబు నిచ్చిన,Jeevambu nitchina,,
237,స్తోత్రించి కీర్తింతుము,Stotrinchi keertintumu,,
238,స్తోత్రించి కీర్తించెదము హల్లెలూయ,Stotrinchi keertinchedamu,,
239,మా దేవ మా దేవ నీదు,Maa devaa maa devaa,,
240,యెహోవా గొప్ప కార్యములు,Yehovaa goppa kaaryamulu,,
241,స్తుతింతున్ పరిశుద్దుని ఆరాధనతో,Stutintun parishudduni,,
242,ప్రభు గొప్ప కార్యములు చేసెనని,Prabhu goppa kaaryamulu,,
243,ఆనందముగా యెహోవా నీ కృపలన్ని,Aanandamugaa Yehovaa Nee Krupaalanni,,
244,దేవుని కీర్తించెదము - దైవపుత్రుని,Devuni keertinchedamu,,
245,పగటిలో మేఘ స్తంభముగా,Pagatilo megha stambhamugaa,,
246,రక్షణ్య పాటలు పాడి,Rakshanya paatalu paadi,,
247,కృతజ్ఞతన్ తలవంచి,Kruthajnathan thalavanchi,,
248,నాకొరకై అన్నియు చేసెను యేసు,Naa korakai anniyu,,
249,యెహోవ మన కొరకు,Yehovaa manakoraku,,
250,యెహోవా కార్యములన్నిటికై,Yohovaa kaaryamulannitikai,,
251,పూర్ణ హృదయ స్తోత్రముల్,Poorna hrudaya stotramul,,
252,అడవి చెట్ల నడుమ,Adavi chetla naduma,,
253,దేవుని స్తుతించ రండి,Devuni stutincharandi,,
254,స్తోత్రము స్తోత్యమయ్యా దేవా,Stotramu stotramayyaa devaa,,
255,దేవా సంవత్సరమును,Deva - Samvathsaramunu,,
256,స్తుతులు నీకర్పింతుము,Stutulu nee karpintunu,,
257,ప్రభువా పాడెద నొక స్తుతి గీతం,Prabhuva padedha noka,,
258,ఓ భక్తులారా మనమందరము,Oh bhakhtulaaraa mana,,
259,మేము భయపడము ఇక మేము,Memu bhaya padamu - ika memu,,
260,భయము లేదుగా మనకు,Bhayamu leduga manaku,,
261,ప్రభు క్రీస్తేసు నీకే,Prabhu kristesu neeke,,
262,నా ప్రియుడు నావాడు నేను,Naa priyudu naavaadu nenu,,
263,ఈ సుదినము - యేసు ప్రభువా,Ee Sudinamu-Yesu Prabuva,,
264,సంవత్సరాది మొదలు - సంవత్సరాంతము,Sanvatsaradi modalu - sanvatsarantamu,,
265,దేవసుతుడు యేసు జన్మించె,Deva sutudu yesu,,
266,మరియకు సుతుడుగ,Mariyaku sutuduga,,
267,బేత్లెహేం పురమున,Betlehem puramuna,,
268,ఓ సద్భక్తులారా లోక,O sadbhaktulara loka,,
269,దూత పాట పాడుఁడి,Doota paata padudi,,
270,వింటిమయ్యా నీ స్వరము,Vintimayya nee swaramu,,
271,ఉదయించె దివ్య రక్షకుడు,Udayinche divya rakshakudu,,
272,"నిరాకారా, సురూపుడా","Niraakaaraa, suroopudaa",,
273,యేసుని శ్రమలతోడ,Yesuni shramalatoda,,
274,మనకై యేసు మరణించె,Manakai yesu maraninche,,
275,యేసు ప్రభూ నా కొరకై,Yesu prabhu naa,,
276,ప్రభుయేసు ప్రభుయేసు,Prabhu yesu,,
277,నీ రక్తమే - నీ రక్తమే,Nee rakhtame,,
278,సిలువలో బలియైన,Siluvalo baliyaina,,
279,అదిగో కల్వరిలో యేసు,Adigo calvarilo,,
280,దైవతనయా క్రీస్తునాథుండా,Daivatanayaa kristhunadhundaa,,
281,యేసుని రక్తమే జై జై,Yesuni rakhtame,,
282,ఎటువంటి యాగము,Yetuvanti yaagambu,,
283,చూడుమదే నీ కొరకే,Choodumade nee,,
284,జీవపు మార్గ జ్యోతివి,Jeevapu maargajyotivi,,
285,యేసు చావొందె సిలువపై,Yesu chavonde siluvapai,,
286,మహాత్ముడైన నా ప్రభు,Mahatmudaina naa prabhu,,
287,కల్వరి గుట్టమీదను,Calvari guttameedanu,,
288,దేవా నాదేవా నన్నేల,Devaa naa devaa,,
289,ప్రియుని సిలువను ప్రేమింతున్,Priyuni siluvanu preminthun,,
290,గీతం గీతం జయ జయ,Geetam geetam jaya jaya,,
291,లేచినాడురా సమాధి గెలిచినాడురా,Lechinaaduraa samaadhi,,
292,శ్రేష్టగీతము వినబడుచున్నది,Sresta geethamu vinabadu,,
293,యేసు సమాధిలో - పరుండి,Yesu smadhilo,,
294,క్రీస్తులేచె! హల్లెలూయ,Kristu leche Halleluya,,
295,క్రీస్తు నేడు లేచెను,Kristu nedu lechenu,,
296,యేసురాజు వచ్చును దూతలతో,Yesuraju vachunu dootalatho,,
297,రాజాధిరాజా రావే,Raajaadhi raajaa raave,,
298,మేఘా రూఢుండై - ప్రభుయేసు,Meghaaroodundai - prabhu,,
299,ప్రభుని రాకడ ఈ దినమే,Prabhuni raakada eediname,,
300,మహిమయుతుడు మా యేసు రాజు,Mahimayutudu maa yesu raju,,
301,మేఘము మీద యేసురాజు,Meghamumeeda Yesuraju,,
302,సోదరులారా లెండి,Sodarulaaraa lendi,,
303,యేసు రాగానే సంఘము,Yesu raagaane sangamu,,
304,రాజుల రాజుగ యేసు ప్రభుండు,Rajula rajuga Yesu,,
305,నీ దేవుని సంధించ నీవు,Nee devuni sandhincha neevu,,
306,పరిశుద్ధులెల్లరు యేసున్ పొగడి,Parishuddu lellaru yesun pogadi,,
307,యేసు శీఘ్రముగా వచ్చున్,Yesu sheegramugaa vachchun  aashatho,,
308,మేలుకో! మహిమ రాజు,Meluko mahima raju,,
309,అదిగో వచ్చునదెవరో చూడుమా,Adigo vachinadevaro chudumu,,
310,యేసు శీఘ్రముగ తిరిగివచ్చున్,Yesu sheeghramuga thirigi vachchun,,
311,ఇదిగో నేను వచ్చుచున్నాను,Idigo nenu vachu chunnaanu,,
312,జయమని పాడు ప్రభుయేసునకే,Jayamani paadu prabhu yesunake,,
313,కాలము సమీపము ప్రభు,Kaalamu sameepamu prabhu yesu,,
314,ప్రకాశ వస్త్రముతో పరలోక మహిమతో,Prakaasha vastramutho paraloka mahimatho,,
315,రాజులరాజు - ప్రభువుల ప్రభూ,Raajula raaju - prabhuvula prabhoo,,
316,"జాగ్రత్త, భక్తులారా పిలుపిదే","Jagratha, bakthulara pilupi",,
317,సీయోనురాజు వచ్చును మదిన్,Siyonu raaju vachchunu madini,,
318,ప్రభువు దిగివచ్చును పరమునుండి,Prabhuvu digivatchunu paramunundi,,
319,క్రీస్తు యేసు వచ్చును,Kristu yesu vachunu,,
320,బూర శబ్దంబు నింగిన్ ధ్వనింప,Boora shabhdambu ningin,,
321,యేసుక్రీస్తు శీఘ్రముగ శీఘ్రముగ,Yesu kristu sheeghramuga,,
322,కొంతసమయమే మిగిలినది,Kontha samayame migilinadi,,
323,జయించు వారిని కొనిపోవ,Jayinchu vaarini koni pova,,
324,హల్లెలూయా హల్లెలూయా,Halleluyah Halleluyah,,
325,ఓ సంఘమా శుభవార్త,Oh sanghamaa shubha vaartha,,
326,లేరు లేరు - జగతిన్ న్నీ సమము,Leru leru - jagatin nee samamu,,
327,రాజులకు రాజైన యేసు ప్రభు రానై,Rajulaku rajaina Yesu prabhuvu ranai,,
328,పరమ తండ్రి సుతుడు,ParamaThandri suthudu,,
329,దేవ గొర్రెపిల్ల సిలువలో సమసినపుడు,Deva gorrepilla siluvalo samasinappudu,,
330,మహారాజా యేసు నీకే మహిమ కలుగు గాక,Maharaja Yesu nekai mahima kalugu gaka,,
331,పరలోక రాజ్యము చేరుటకు,Paraloka rajyamu cherutaku,,
332,ప్రేమడంకా జగమున,Premadankaa jagamuna,,
333,జయమని పాడుడి సర్వ జనమా,Jayamani padudi sarwa janama,,
334,జగతి కరుదెంచె రక్షణకర్త,Jagati karudenche - rakshana kartha,,
335,ధన్య ధన్య యేసు నామము,Danya Danya yesu namamu,,
336,ఈయన మాట వినుడి - నేడు,Eyana mata vinudi - needu,,
337,పాపమునకు జీతము మరణము,Papamunaku jeetamu maranamu,,
338,పరుగిడిరా సోదరుడా,Parugidara sodaruda,,
339,వినుడి సోదరులారా,Vinudi sodarulaaraa,,
340,రండి రండి రయమున యేసుని,Randi randi rayamuna Yesuni,,
341,ఇరుకు మార్గంబులో ప్రవేశించు,Iruku margambulo pravesinchu,,
342,కృపకాలము దాటిపోవుచున్నది,Krupa kalamu dati povuchunnadi,,
343,ప్రభు యేసుకే జయమని పాడు,Prabhu Yesuke jayamanipaadu,,
344,కలువరిలో విముక్తి - కలిగెనో ప్రియుండా,Caluvarilo vimukhti - kaligeno priyundaa,,
345,యేసు ప్రభువేగాక - వసుధలో,Yesu prabhuve gaaka vasudhalo,,
346,ప్రభు శ్రీ యేసు,Prabhu sriyesu - prabhu sri yesu,,
347,పరిపూర్ణంబగు గురువు యెవరు,Paripurnambagu guruvu yevaru,,
348,ప్రజలారా వేగమే రారే,Prajalara vegame raare,,
349,ప్రేమామృత ధారల చిందిన మన,Premamrutha dhaarala chindina mana,,
350,రమ్మనుచున్నా డేసు రాజు,Rammanu chunna desu raaju,,
351,రండి రండి యేసుని యొద్దకు,Randi randi yesuni yoddaku,,
352,రారండి యేసు పాదముల చేర,Rarandi yesu padamula chera,,
353,ఇలలో యేసునకే జయము,Ilalo yesunake jayamu,,
354,క్రీస్తే సర్వాధికారి,Kriste sarvaadhikaari,,
355,అంధకారలోకమునకు,Andhakaara lokamunaku,,
356,మానవ రూపమును ధరించి,Maanava roopamunu dharinchi,,
357,సాటి లేనిది యేసుని రక్తము,Saatilenidi Yesuni rakhtamu,,
358,రక్షణ నొసగెడు యేసుని,Rakshana nosagedu Yesuni,,
359,పాపులకొరకు ప్రభుయేసు,Papulakoraku prabhuyesu,,
360,దేవుడు లోకమును యెంతో ప్రేమించెను,Devudu lokamunu yentho preminchenu,,
361,మాయ లోకము - మోసపోకుము,Maya lokamu - mosapokumu,,
362,న్యాయపీఠము నీ ముందు వున్నది,Nyaayapeetahmu nee mundu unnadi,,
363,మహావైద్యుండు వచ్చెను,Mahavaidyundu vachenu,,
364,శుభవార్త వింటిమి,Shubhavartha vintimi,,
365,ఇమ్మానుయేలుని రక్తము,Immaanuyeluni rakhtamu,,
366,డాగునేది మాపును,Daagunedi mapunu - vega Yesu,,
367,మన ప్రభువైన యేసునందు,Mana prabhuvaina Yesu nandu,,
368,నీ జీవితము క్షణభంగురమే,Nee jeevitamu kshanabhangurame,,
369,ఎంతో గొప్ప నిత్యమైన,Entho goppa nityamaina,,
370,యేసు లేనిచో పాపికాశ్రయమే,Yesu lenicho papikaashrayame ledu,,
371,మారు మనస్సు పొందుము,Maaru manassu pondumu,,
372,"వ్యర్థం, వ్యర్థం, సర్వము","Vyardham vyardham, sarvamu",,
373,క్రీస్తు ప్రభుకే సకల మహిమ,Kristu prabhuke sakala mahima,,
374,ఎవరో తెలుసా యేసయ్యా చెబుతా,Evaro thelusaa Yesayyaa chebuthaa,,
375,శ్రమలను పొందె శ్రీ యేసుడు,Shramalanu ponde shree Yesudu,,
376,యేసు నామమునే పాపికి రక్షణ,Yesu namamune paapiki rakshana,,
377,యేసుని వెంట నేను - వెంబడించుచున్నాను,Yesuni venta nenu - vembadinchuchunnanu,,
378,నీవెన్నాళ్ళు రెండు తలంపులతో,Neevennallu rendu thalampulatho,,
379,పైనున్న ఆకాశమందునా,Painunna aakasamanduna,,
380,యేసు ప్రభువే లోకరక్షకుడు,Yesu prabhuve lokarakshakudu,,
381,యేసుని చెంతకు ఆశతో రమ్మిల,Yesuni chentaku aashatho rammila,,
382,ఇదియే అనుకూల సమయము నీకు,Idiye anukula samayamu neeku,,
383,ఇదియే సమయంబు రండి,Idiye samayambu randi,,
384,మాయలోక మాయలో నేల,Mayaloka mayalo nela,,
385,వినతి వినతి వినతి త్రియేకునికి,Vinathi vinathi vinathi triyekuniki,,
386,కాలవిలువ నీకు,Kala Vilu Va Neeku,,
387,ప్రభు యేసు పిలుపును,Prabhu Yesu pilupunu,,
388,ప్రేమతో యేసు - పిలుచుచున్నాడు,Prematho yesu - piluchuchunnaadu,,
389,ఇమ్ముగ నీ హృదయము నిమ్ము,Immuga nee hrudaya nimmu,,
390,ఓపాపి జీవపు యూటకురా,O Paapi jeevapu yootaku raa,,
391,గడియ నేను తట్టుచున్నాను,Gadiya nenu thattu chunnaanu,,
392,యేసు రాజున్ నీ యెదలో,Yesu raajun nee yadalo,,
393,సోదరుడా పాపక్షమకై,Sodarudaa paapa kshamakai,,
394,యేసు ప్రభువే - నీకు రక్షణ,Yesu prabhuve neeku rakshana,,
395,ఓపాపీ - సంధించితివా,Oh paapi sandhinchitivaa,,
396,చూడుము సోదరుడా నీవు,Choodumu sodarudaa neevu,,
397,ప్రభుతట్టు కన్ను లెత్తు,Prabhu thattu kannuleththu,,
398,చూడుము నీవు మేలుకొనుము,Choodumu neevu melconumu,,
399,యేసుని స్వీకరించు,Yesuni sweekarinchu,,
400,"జీవిత మెవ్వరికి, నీ జీవిత మెవ్వరికి",Jeevitha mevvariki nee jeevitha mevvariki,,
401,యేసు నిన్ను పిలచెను,Yesu ninnu pilichenu,,
402,చూడుము ఈ క్షణమే కల్వరిని,Choodumu eekshaname calvarini,,
403,ఎంత పాపినైనను - యేసు చేర్చుకొనును,Entha paapinainanu - Yesu cherchukonunu,,
404,యేసునాథుని గాయములను,Yesu naadhuni gaayamulanu,,
405,రక్షణంపు వార్తను విని,Rakshanampu vaartanu vini,,
406,ప్రభుయేసు రమ్మనుచుండె,Prabhu yesu rammanuchunde,,
407,యెరుషలేము గుమ్మములారా రాజును,Yerushalemu gummamulaara rajunu,,
408,తెరువు నీ హృదయ ద్వారంబు నేడే,Theruvu nee hrudaya dwarambu nede,,
409,కృపకాలములో - ప్రభుయేసుని,Krupakaalamulo prabhuyesune,,
410,క్రీస్తు చెంతకు రమ్ము,Kristu chentaku rammu,,
411,తెరువబడియున్నది కృపద్వారము,Teruvabadi yunnadi krupadwaramu,,
412,నా మాట వినుమని,Naa maata vinumani,,
413,దారితొలగితివేల,Daari tholagitivela,,
414,లోకమును విడచి వెళ్ళవలెనుగ,Lokamunu vidachi vellavalenuga,,
415,నీ జీవితములో - గమ్యంబుయేదో,Nee jeevitamulo gamyambu yedo,,
416,ఆ కలువరి మార్గములో,Aa caluvary margamulo,,
417,యేసు ప్రభు - పిలుచుచుండెన్,Yesu prabhu pilachuchunden,,
418,శాంతి సంతోషం పాపక్షమాపణ,Shanthi santosham papakshamapana,,
419,పేద నరుని రూపము దరించి,Peda naruni rupamu dharinchi,,
420,నాదు హృదయపు ద్వారము,Naadu hrudayapu dwaaram,,
421,ప్రియయేసు నిర్మించితివి,Priya yesu nirminchitivi,,
422,కనికరించి నన్ను రక్షించు మేసయ్యా,Kanikarinchi nannu rakshinchu,,
423,యేసు నా హృదయమునందున,Yesu naa hrudayamunanduna,,
424,రక్షణ నొసగుము ప్రభువా,Rakshana nosagumu prabhuva,,
425,నేను ఘోరపాపిని చేరి,Nenu ghorapaapini cheri,,
426,ప్రభువా నన్ను కరుణించుము,Prabhuvaa nannu karuninchumu,,
427,జీవపుదాత నా హృదయములోనికి రా,Jeevapu daata naa hrudayamuloniki,,
428,విడువవు నన్నిక ఎన్నడైనను,Viduvavu nannika ennadainanu,,
429,పాపిని నేను తప్పితి,Paapini nenu thappiti,,
430,నేడు నే నారక్షకుని,Nedu ne naa rakshakuni,,
431,నాకై చీల్చబడ్డయో,Nakai chilchabaddayo,,
432,ఓ యేసు - రక్షకా,O yesu rakshakaa,,
433,ఉన్నట్టు నేను వచ్చెదన్,Unnattu nenu vachedan,,
434,ఆకాశము భువిలో నెల్,Aakaashamu bhuvilo nella,,
435,పాపభారము దుష్టగుణ,Paapabharamu dhustaguna,,
436,దయగలయేసు పాపికాశ్రయుడా,Dayagala Yesu paapi kaashrayudaa,,
437,"సంఘమొక్కటే, సార్వత్రిక","Sangha mokkate, saarvathrika",,
438,పరిశుద్ధ శ్రీ యేసువే - పరలోకరాజు,Parishuddha shriyesuve - paralokaraaju,,
439,జయించువాడు దేవకుమారుడు,Jayinchuvadu Deva kumarudu,,
440,సీయోనుపట్టణమా,Siyonu pattanamaa,,
441,సీయోను పురమా - సర్వోన్నతుని,Siyonu puramaa - sarvonnathuni,,
442,ప్రభుయేసు సంఘము నిర్మించుచుండ,Prabhu yesu sanghamu nirminchu,,
443,భక్తుల సంఘమే - ప్రభుని,Bhaktula sanghame prabhuni,,
444,సంతసిల్లును మీ హృదయాలు,Santasillunu mee hrudayaalu,,
445,శక్తిగల షాలేమురాజా షారోను రోజా,Shakhtigala shaalemu raajaa,,
446,దైవదర్శనమున యాకోబు,Daiva darshanamuna Yaakobu,,
447,ఇమ్ముగ నీ సుదినంబు నుండి,Immuga nee sudinambu nundi,,
448,సర్వ శక్తుని వాక్కు ఇదియే,Sarvashakhtuni vaakku idiye,,
449,సీయోను వాసులారా,Siyonu vaasu laaraa,,
450,గొఱ్ఱెపిల్ల వివాహోత్సవ,Gorrepilla vivaahotsava,,
451,ఆత్మ మందిరమును,Aatma mandiramunu,,
452,ప్రభు దయచేయు - నిత్య,Prabhu dayacheyu nitya,,
453,నిర్మింపబడితిమి మనము దైవగృహముగా,Nirmimpabaditimi manamu,,
454,స్తుతించుము స్తుతించుము,Stutinchumu stutinchumu,,
455,ఈ సంఘపు బునాది,Ee sangapu bunaadi,,
456,దేవపట్నమా సీయోను,Deva patnamaa siyonu,,
457,ఓ పావనులారా - మీరు విశ్వాసంపు,O pavanulaaraa - meedu vishwasampu,,
458,మనమే ప్రభుని పరలోక గృహము,Maname prabhuni paraloka gruhamu,,
459,సంఘమే క్రీస్తు యేసుని శరీరము,Sanghame kristu yesuni shareeramu,,
460,క్రీస్తేసు ప్రభువు తనరక్తమిచ్చి,Kristesu prabhuvu thana rakhtamichi,,
461,పరిశుద్ధ పట్టణము క్రొత్త,Parishuddha pattanamu kroththa,,
462,నూతనమైన యెరుషలేము పరిశుద్ధ,Nootana maina Yerushalemu parishudda,,
463,ప్రభుని గృహము ఆయన,Prabhuni gruhamu aayana,,
464,పరిశుద్ధ మందిరము నాకు,Parishudda mandiramu naaku,,
465,దేవుడొక నగరము మన కొరకై,Devudoka nagaramu manakorakai,,
466,ప్రభు ప్రజలారా - రయమున రండి,Prabhu prajalaaraa rayamuna randi,,
467,ప్రభుని సంఘమా - మేల్కో - నేడే,Prabhuni sangamaa - melko - nede,,
468,ఎంత సౌందర్య నగరము,Entha soundarya nagaramu,,
469,దేవుని మహిమ మందిరం,Devuni mahima mandiram,,
470,యెహోవా నిన్ను ఆశీర్వదించి,Yehova ninnu asirvadinci,,
471,పాత క్రొత్త నిబంధనలందున,Paata krotha nibhadanalanduna,,
472,క్రీస్తుని స్వరము విందును ప్రభువే,Kristuni swaramu vindunu prabhuve,,
473,దాహము తీర్చుమయ్యా,Dahamu theerchumayya,,
474,ఆ దినములలో దేవోక్తి,Aa dinamulalo devokthi - arudaayenu,,
475,మంగళముగ పాడుడీ,Mangalamuga padudi,,
476,నిత్యుడేసునే స్తుతించు,Nityudesune stutinchu,,
477,దప్పిగొనిన వానిపై నీటిన్,Dappi gonina vaanipai neetin,,
478,సరస్సు ప్రక్కన రొట్టెలను,Sarassu prakkana rottelanu,,
479,నాథా! సమూయేలు రీతి,Naadhaa Samuyelu reeti,,
480,నే బోధింప జనాళికిన్,Ne bodimpa janaalikin - nerpimpu,,
481,నీ స్వరము వినిపించు ప్రభువా,Nee swaramu vinupinchu prabhuvaa,,
482,వినిపించు ప్రభూ నీ స్వరమును,Vinipincu prabhu ni svaramunu,,
483,నిత్యము - నిలుచునది - దేవుని వాక్యము,Nityamu niluchunadi – devuni vakyamu,,
484,ఇదిగో మీ దేవుడని,Idigo mee devudani,,
485,నా దృష్టి నీపై నిలిపి,Nadrsti nipai nilipi,,
486,యేసుని నమ్మెడివారు ఆయన,Yesuni nammedivaaru aayana,,
487,యెహోవాను స్తుతించుడి,Yehovaanu stutinchudi - aayana,,
488,సీయోను పాటలు సంతోషముగ,Siyonu paatalu - santoshamuga,,
489,ఇదిగో నేనొక నూతన క్రియను,Idigo nenoka nootana kriyanu,,
490,స్వచ్ఛంద సీయోనువాసి,Swaschanda siyonu vaasi,,
491,యెహోవాయందానందమే,Yehovaayandaanandame,,
492,దేవుడు మీకు ఎల్లప్పుడు,Devudu meeku ellappudu thoduga,,
493,ఎల్లప్పుడు ఎల్లప్పుడు ఎల్లప్పుడు,Ellappudu ellappudu ellappudu,,
494,దేవసమాధానం శాంతివలె,Deva samaadhaanam shanthinadhi vale,,
495,ఆత్మ విషయమై - దీనులైనవారు,Aatma vishayamai deenulaina,,
496,శాశ్వతమైనది ప్రేమ,Shaashwata mainadi prema,,
497,పరిశుద్ధులై యుండుడి,Parishuddulai yundudi daiva,,
498,ప్రేమా ప్రేమా - ప్రేమా,Premaa premaa - premaa,,
499,ఎరిగియుంటివే - యెహోవా,Erigiyuntive - Yehovaa,,
500,నే యేసుని వెలుగులో నడిచెదను,Ne Yesuni velugulo nadichedanu,,
501,మీరే లోకమునకు వెలుగు,Meere lokamunaku velugu,,
502,బలవంతుడేసు మహిమ,Balavantudesu mahima,,
503,నేనే భయపడ కూడదనెను,Nene bhayapadakudadanenu,,
504,మనము యేసు ప్రభుని మహిమ,Manamu Yesu prabhuni mahima,,
505,దేవా! నీ తలంపులు నా,Devaa ! nee thalampulu naa,,
506,ఆకాశమా ఆలకించుమా,Akasama Alakinchuma,,
507,సమాధాన - గృ - హంబులోను,Samaadhana - gruhambulonu,,
508,లేచిరండి విశ్వాసులారా,Lechi randi viswaasulaaraa,,
509,రారమ్ము రారమ్ము సాత్వీకుడైన,Raarammu raarammu saatveekudaina,,
510,భయపడకుము నీవు - యుద్ధము,Bhayapadakumu neevu - yuddamu,,
511,భయపడకుము ఓ చిన్న మందా,Bhaya padakumu oh chinna,,
512,మనమేసుని వారలము,Mana mesuni vaaralamu,,
513,వారు ఆయన తట్టు చూడగానే,Vaaru aayana thattu choodagane,,
514,"లోకం, జీవం, మరణంబైనన్",Lokam jeevam maranambainan,,
515,సర్వశక్తుని వాక్కు యిదియే,Sarvashakhtuni vaakku idiye,,
516,సంపూర్ణ రక్షణయూట,Sampoorna rakshanayoota,,
517,నాయాత్మ లంగరువేయ,Naayaatma langaru veya,,
518,జీవితంబు ఘోర కష్టనష్టముల్,Jeevithambu ghora kastanastamul,,
519,ఆయన నన్ను నడుపునను,Aayana nannu nadupunanu,,
520,నడ్పుమా మహా యెహోవా,Nadpumaa mahaa Yehovaa,,
521,యేసు మమ్ము నడిపించు,Yesu mammunu nadipinchu,,
522,నీ చెంతకో ప్రభో - నే జేరెదన్,Nee chentako prabho nejeedan,,
523,పూర్వమాశీర్వాదము,Poorva maasheervaadamu,,
524,"యేసూ, ఆత్మ ప్రియుడా",Yesu aatma priyudaa,,
525,నా ప్రేమరాజు కాపరి,Naa prema raajukapari,,
526,దైవ ప్రేమ పృథ్విలోని,Daiva prema pridviloni,,
527,ఇమ్ముగ నడిపించితివి,Immuga nadipinchitivi,,
528,ఆనంద మహానందం ప్రభువే,Anananda mahaanandam,,
529,మీరు బహుగా ఫలించినచో,Meeru Bahugaa Phalinchinacho,,
530,మేల్కొనుమా మేల్కొనుమా,Melkonumaa melkonumaa,,
531,అద్భుత దీవెనలు,Adbutha deevenalu prabhuvaa,,
532,క్రీస్తుని చూచుచు సాగివెళ్ళెదను,Kristuni choochuchu saagi velledanu,,
533,వెళ్ళెదము కూడి వెళ్ళెదము,Velledamu koodi velledamu,,
534,ఓ ప్రభువా నే దారి తొలగితి,Oh prabhuvaa ne daari tholagithi,,
535,ఈ లోక యాత్రలో నే,Ee loka yaatralo ne,,
536,ఆది ప్రేమను విడచిపెట్టితివా,Aadi premanu vidachi pettithivaa,,
537,దేవునితో సహపాటి,Devunitho sahapaati,,
538,నిశ్చయముగ నిన్ను దీవించెదను,Nishchayamuga ninnu deevinchedanu,,
539,యేసు మనతోనుండగ,Yesu manatho nundaga,,
540,ప్రభువా చేసితివి వాగ్దానములు,Prabhuvaa chesitivi vaagdhanamulu,,
541,ఆనందించెదము యెహోవాలో,Aanandinchedamu Yehovaalo,,
542,లేలెమ్ము సీయోను - ధరియించుము,Lellemmu Siyonu - dhariyinchumu,,
543,ఓ ఇశ్రాయేలు - నీదు భాగ్యమెంతో,Oh ishraayelu - needu bhagyamentho,,
544,నా జీవిత సాగరమున,Naa jeevitha saagaramuna,,
545,నీకు కలిగిన దానిని - చేపట్టుము,Neeku kaligina danini – chepattumu,,
546,యెహోవాయే మనదేవుడు - మార్పులేనివాడు,Yehovaye manadevudu – marpulenivadu,,
547,తన రాజ్యమునకు మహిమకు,Thana rajyamunaku mahimaku,,
548,ప్రభువుకు తగినట్టు,Prabhuvuku thaginattu,,
549,సమాధానము - దేవుని సమాధానము,Samadhanamu – devuni samadhanamu,,
550,యెహోవా విమోచించిన వారె,Yehova vimocincina vare,,
551,దేవుడెహోవా దీవించి,Devudehova divinci,,
552,యెహోవాను నమ్ముకొను మానవులు,Yehovanu nammukonu manavulu,,
553,యూదాయందు దేవా,Yudayandu deva,,
554,యెహోవా దావీదు బాధల,Yehova davidu badhala,,
555,ప్రభుయేసు నా రక్షకా,Prabhu Yesu naa rakshakaa,,
556,ఓ సర్వశక్తుడా - నా సత్యదేవుడా,Oh sarvashakhtudaa - naa satyadevudaa,,
557,నీతిమంతుల ప్రార్థన,Neethimanthula praardhana,,
558,చెట్లులేని మెట్టలందు,Chetlu leni mettalandu,,
559,దేవుని ప్రార్థించెదము,Devuni pradinchedamu daiva putruni,,
560,ఆకాశ మహా - కాశంబులు,Aakasha mahakaashambulu pattani,,
561,ప్రభువా పరలోక - జీవాగ్ని నిమ్ము,Prabhuva paraloka - jeevagni nimmu,,
562,పరిశుద్ధ అగ్నిని పంపు దేవా,Parishudda agnini pampu devaa,,
563,పరిశుద్ధ పరిశుద్ధ ప్రభుయేసు రమ్ము,Parishudda parishudda prabhu yesu,,
564,నీ వాత్మ యుద్ధములో జయ,Nee vaatma yuddamulo jaya mondumu,,
565,పరమాశీర్వాదము కోరి,Paramaaseervadamu kori,,
566,శుద్ధ ఆత్మ దిగిరమ్ము,Shudda aathma digirammu,,
567,యెహోవాయే ఆశ్చర్య కార్యములను,Yehovaaye aashcharya kaarayamulanu,,
568,నింపుమో ప్రభు నన్ను,Nimpumo prabhuvaa nannu,,
569,దేవా నిన్ను - నేను విడువను,Devaa ninnu nenu viduvanu,,
570,కరుణించి తిరిగి - సమకూర్చు ప్రభువా,Karuninchi thirigi sama koorchu prabhuvaa,,
571,మా మొర నాలకించుము,Maa mora naalakinchumu,,
572,ఆత్మ దీపమును - వెలిగించు,Aatma deepamunu,,
573,ప్రభువా నీ కార్యమును,Prabhuvaa nee kaaryamunu,,
574,ఓ ప్రభువా ఉజ్జీవము నిమ్ము,O Prabhuvaa ujeevamu nimmu,,
575,పరమతండ్రి కరములెత్తి,Paramatandri karamuleththi,,
576,నింపుము ఓ ప్రభువా,Nimpumu O prabhuva,,
577,వెలుగిచ్చి నాకు మార్గము చూపు,Velugitchi naaku maargamu choopu,,
578,ప్రభు కుమ్మరించు ప్రభు,Prabhu kummarinchu prabhu,,
579,కరుణించుము నా యేసువా,Karuninchumu naa Yesuwa,,
580,నీ పాద సన్నిధికి - కృపామయ యేసయ్యా,Nee paada sannidiki - krupaamaya Yesayyaa,,
581,అడుగుడి మీరు మన ప్రభువిచ్చున్,Adugudi meeru mana prabhu,,
582,వెళ్ళెదము మరి ధైర్యముతో,Velledamu mari dhairyamutho,,
583,ప్రభువా పంపు వర్షమును,Prabhuva pampu varshamunu,,
584,"ఓ కరుణానిధీ, మహా ప్రభుయేసు",Oh karunaanidhi mahaa prabhu,,
585,"రక్షకా, నన్ - మర్వబోకు",Rakshakaa nan - marva boku,,
586,గద్దియలో నుండి పారు,Gaddiyalo nundi paru,,
587,ఆశీర్వాదంబుల్మామీద - వర్షింపజేయు,Aasheervaadambul maa meeda,,
588,ప్రీతిగల మన యేసు,Preethigala mana Yesu,,
589,సర్వశక్తి యుతుడా,Sarvashakthi yutudaa,,
590,ఓ ప్రార్థనా సు ప్రార్థనా,Oh praardhanaa su praardhanaa,,
591,యేసూ నా ప్రభువా,Yesu naa prabhuva,,
592,విసుగకుండా నిత్యము,Visugakunda nityamu - prardincha,,
593,నీ సన్నిధి చేరితిమి,Nee sannidhi cheritimi,,
594,గుణవంతురాలైన ఘనమైన స్త్రీయే,Gunavanturaalaina ganamaina Streeye,,
595,జీవిత తృష్ణలను - నాదు,Jeevitha thrushnalanu - naadu,,
596,ఓ యెహోవా నీవే నన్ను,O Yehovaa neeve nannu,,
597,దేవా నీ సన్నిధిలో నిలచి,Devaa nee sannidhilo nilachi,,
598,ప్రార్థన వినెడు దేవా,Praardhana vinedu devaa,,
599,నేను వెళ్ళెదను మీరు ప్రార్థనలో,Nenu velledanu meeru praardhanalo,,
600,యెడతెగక ప్రార్థించుము,Yedathegaka praardhinchumu,,
601,విలపింతువా నెహెమ్యావలె?,Vilapintuvaa Nehemyavale,,
602,నేను తగ్గాలి యేసు,Nenu thaggali yesu,,
603,ప్రార్థించుము నీ జీవితములో,Prardhinchumu nee jeevithamulo,,
604,ప్రార్థించుము - ప్రియుడా ప్రభు,Prardhinchumu  priyuda prabhu,,
605,యెహోవా నీ దిక్కునకు నా ఆత్మను ఎత్తుచున్నాను - నీపై నమ్మిక,Yehova ni dikkunaku na atmanu ettucunnanu,,
606,నా సన్నిధీని యెహోవా - వెదకుమని,Na sannidhini yehova - vedakumani,,
607,ఆహా యేమానందం ఆహా యేమా,Ahaa yemaanandam mahaa,,
608,కృప కనికరముల - మా దేవా,Krupa kanikaramula maa,,
609,అమూల్యరక్తము ద్వారా,Amoolya rakhtamu dwaaraa,,
610,పాప సముద్రమందు,Paapa samudramandu,,
611,నీలి గగనాన వెలిగే తారల,Neeligaganaana velige thaarala,,
612,విశ్వాస సహితముగను,Viswaasa sahithamuganu,,
613,జీవించుచున్నాడు యేసుప్రభు,Jeevinchuchunnadu Yesu prabhu,,
614,నా పాపములను క్షమించెన్,Naa papamulanu kshaminchen,,
615,నా సంకట దుఃఖములెల్ల,Naa sankata dhukkamulella,,
616,రక్షణ ఔన్నత్యము,Rakshana ounnatyamu,,
617,పరమ జీవము నాకు నివ్వ,Parama jeevamu naaku nivva,,
618,నా హృదయము వింతగ మారెను,Naa hrudayamu vintaga marenu,,
619,హాయానంద సుదినము,Hayananda sudinamu,,
620,పదివేలలో ప్రియుని - చూచి,Padivelalo priyuni - choochi,,
621,హా! ఎంత అద్భుతాశ్చర్య దినము,Ha! enta adbutaashcharya dinamu,,
622,మాకనుగ్రహించిన దైవ,Maa kanugrahinchina daiva,,
623,సీయోనుకు తిరిగి చెరలో,Siyonuku thirigi cheralo,,
624,నీ సాక్ష్యము ఏది,Nee saakshyamu edi,,
625,పల్లవరపు కొండలపైన,Pallavarapu kondala paina,,
626,సువార్తను చాటింప,Suvaarthanu chaatimpa,,
627,లెమ్ము తేజరిల్లుము నీకు,Lemmu thejarillumu neeku,,
628,సిలువ వీరులు మీరే,Siluva veerulu meere,,
629,తమ దేవునెరుగువారు,Thama devunerugu vaaru,,
630,సిలువను మోసి ఈలోకమును,Siluvanu mosi Ee lokamunu,,
631,కరుణన్ - ఏర్పరచితివి సైన్యముల,Karunan - erparachitivi sainyamula -,,
632,లోకమునకు నన్ను,Lokamunaku nannu,,
633,లేలెమ్ము సోదరీ సోదరుడా,Lellemmu sodaree sodarudaa,,
634,జై జై జై జై యేసు ప్రభు,Jai Jai Jai Jai Yesu Prabhu,,
635,లేలెమ్ము సోదరీ సోదరుడా - వేళాయె,Lelemmu sodaree sodarudaa velaaye,,
636,ప్రియుడా ప్రభు యేసునకు,Priyudaa prabhu Yesunaku,,
637,ఆలకింతును ఆ పిలుపును,Aalakinthunu aapilupunu,,
638,మేల్కొనుము ఓ కావలి యేసుని,Melkommu O kavali yesuni,,
639,చీకటి కాలము వచ్చుచుండె,Cheekati kaalamu vachuchunde,,
640,నీ ప్రియ ప్రభుని సేవకై,Nee priya prabhuni sevakai,,
641,యేసు క్రీస్తుని మంచి,Yesu Kristurri manchi,,
642,మందలో చేరని గొఱ్ఱెలెన్నో,Mandalo cherani gorrelenno,,
643,జాగ్రత్త జాగ్రత్త - యేసుడిట్లు పిల్చున్,Jaagraththa jaagraththa - Yesuditlu pilchun,,
644,రేపు మాపు గూడ రమ్యమైన,Repu maapu gooda ramyamaina,,
645,ఒడ్డుచేరి నీ యెదుట,Odducheri nee yeduta nilchu,,
646,ఏర్పరచిన పాత్రను రాజాధి,Erparachina paatranu raajaadhi,,
647,పర్వతమా నీవేపాటి,Parvathamaa nee vepaati,,
648,ఓ ప్రభువా నీ సేవన్,Oh prabhuvaa nee sevan,,
649,యెహోవా సైన్యములారా  ఆయన చిత్తమున్ నెరవేర్చు పరిచారకులారా,Yehova sainyamulara ayana cittamun neravercu paricarakulara,,
650,ఈ భువిపై పరలోక వింతైన జనమా ప్రభుయేసు క్రీస్తువులో,I bhuvipai paraloka vintaina janama prabhuyesu kristuvulo,,
651,యెహోవా నీ కృపాతిశయమును,Yehovaa nee krupaati shayamunu,,
652,ఆనందించెదము - ప్రభు యేసులో,Aanandinchedamu prabhu Yesulo,,
653,జయము జయమని చాటించెదము,Jayamu jayamani chatinchedamu,,
654,మహిమతో నిండిన మా రాజా,Mahimatho nindina maa raajaa,,
655,ప్రభు యేసునకే జయము,Prabhu Yesunake jayamu,,
656,"మేల్కొనుమా, మేల్కొనుమా నా","Melconumaa, melconumaa naa",,
657,ఉన్నత స్థలములపై నెక్కించి,Unntha stalamulapai  nekkinchi,,
658,ప్రభుకే స్తోత్రము మృతిని,Prabhuke stotramu mruthini,,
659,జయరాజు జెండా ఎత్తి చూపుచు,Jaya raaju jendaa yeththi,,
660,ఓ యేసు భక్తులారా,Oh Yesu bhakhtulaaraa,,
661,శోధనకు మీరు చోటీయకుడి,Shodhanaku meeru chotiyyakudi,,
662,అధికారము పొంది యుంటిని,Adhikaaramu pondi yuntivi,,
663,స్వాస్థ్యముగా నిచ్చితివి,Swaastyamuga nitchtivi,,
664,జయము పొందుమని యేసు,Jayamu pondumani Yesu,,
665,క్రీస్తేసు సిలువపై,Kristesu siluvapai,,
666,క్రీస్తే ఈ జీవితములో,Kriste Ee jeevitamulo,,
667,మన జీవిత మంతయు,Mana jeevitha manthayu,,
668,యేసుక్రీస్తు నిన్న నేడు,Yesu kristu ninna nedu,,
669,సుఖదుఃఖాలయాత్ర,Sukhadukkhaala yatra,,
671,యేసులో హర్షించెదము,Yesulo harshinchedamu,,
672,ఎల్ల వేళలందు,Ella vela landu,,
673,ఆనందమే మనకిలలో,Aanandame manakilalo,,
674,మహిమ రాజు సన్నిధిన్,Mahima raaju sannidin,,
675,దప్పిగొనిన వారలారా,Dappigonina vaaralaaraa,,
676,దాహముగల,Daahamu gala,,
677,పాపుల రక్షకుడు,Paapula rakshakudu,,
678,దాటుము యొర్దానున్,Daatumu yordhanun,,
679,ధన్యుడవు నీవు,Dhanyudavu neevu,,
680,నూతన ఆకాశమును,Nootana aakaashamunu,,
681,మన ప్రభుయేసు,Mana prabhu Yesu,,
682,నే భ్రమించి నిల్చితి,Ne bhraminchi nilchiti,,
683,ప్రభు యేసుక్రీస్తుని,Prabhu Yesu kristuni,,
684,యోర్దాన్నది దరిని భ్రమింపకు మనసా,Yordhannadi darina,,
685,కృపాసింహాసనుండా,Krupaasimhaasa nundaa,,
686,ప్రభువా నీ పరిపూర్ణత,Prabhuvaa nee  paripoornatha,,
687,కరుణా కరుడా,Karunaa karudaa,,
688,ఉన్నత గృహమును,Unnatha gruhamunu,,
689,మన పట్టణంబదిగో,Mana pattanambadigo,,
690,యేసువా నా ప్రియమైన,Yesuvaa naa priyamaina,,
691,నిన్ను విడువను నేను,Ninnu viduvanu nenu,,
692,సర్వోన్న - తుడు సర్వాధికారి,Sarvonnathudu sarvaadhikaari,,
693,వెళ్ళెదం శ్రేష్టదేశం,Velledam shresta desham,,
694,ప్రకాశమైన ఆశ్చర్య,Prakaashamaina aashcharya,,
695,వాగ్దానములు పొందుడి,Vaghdaanamulu pondudi,,
696,నీతి సూర్యుండు,Neethi sooryundu,,
697,నీతి సూర్యుడు నీపై,Neethi sooryudu neepai,,
698,ప్రభువైన క్రీస్తుని,Prabhuvaina kreestuni,,
699,యేసుని నిత్యము స్తుతియించెదము,Yesuni nityamu stutiyinchedamu,,
700,అనాది దేవుడు ఆశ్రయము,Anaadi devudu aashrayamu,,
701,యేసుని వాగ్దానముల్,Yesuni vaaghdaanamul,,
702,పరవాసిని నే జగమున,Paravaasini ne jagamuna,,
703,ప్రభువా నీవే నమ్మకమైన,Prabhuvaa neeve nammakamaina,,
704,దేవుని కృప నిత్యముండును,Devuni krupa nitya mundunu,,
705,ఉన్నత దుర్గము,Unnatha durgamu,,
706,మిమ్మును నింపె మేలులతోడ,Mimmunu nimpe melulathoda,,
707,యేసే మనకిల స్వాస్థ్యము,Yese manakila swaastyamu,,
708,యెహోవాయె మనకందరికి,Yehovaaye manakandariki,,
709,మమ్మున్ సృజించిన దేవుండు,Mammun shrujinchina devundu,,
710,శ్రీ యేసు రాజ్యముండును,Shree Yesu raajyamundunu,,
711,యేసు నీతి రక్తమేను,Yesu neethi rakhtamenu,,
712,యేసూ! నీరక్త నీతులు,Yesoo nee rakhta neethulu,,
713,యేసు నావాడని,Yesu naavaadini,,
714,శృంగార దేశము,Shrungaara deshamu,,
715,యేసుని చేతులందు - యేసుని,Yesuni chetulandu yesuni,,
716,అంత్యదినమందు దూత బూర,Antyadinamandu doota boora,,
717,ఓహో! యెరూషలేమా,Oho Yerooshalemaa,,
718,శ్రీ యేసు స్వామి తిరిగి,Shree yesu swaamy thirigi,,
719,యేసు నిన్ను జూతు,Yesoo nin joothu,,
720,నేనే భయపడ వలదని,Nene bhayapada valadani,,
721,ప్రియయేసు రాజును,Priya Yesu raajunu,,
722,"లెండీ, రండీ, భావి","Lendi randi, bhaavi",,
723,యేసుప్రభువే మహిమ,Yesu prabhuve mahima,,
724,ప్రభూ నీ వాడను,Prabhoo nee vaadanu,,
725,పరలోకము నా దేశము,Paralokamu naa deshamu,,
726,నా కోరికలు తీరిపోయె,Naa korikalu theeripoye,,
727,ఎదురు చూచెదము దృఢ,Eduru choochedamu dhruda,,
728,ప్రభురాజ్యం నిశ్చలమైనది,Prabhu raajyam nishchala,,
729,నిశ్చలమైనది యేసు రాజ్యము,Nishchalamainadi Yesu raajyamu,,
730,"ప్రభువా, గురి యొద్దకే",Prabhuvaa guri yoddake,,
731,క్రీస్తేసే మన మహిమ,Kristhese mana mahima,,
732,ప్రభువైన క్రీస్తులో తండ్రి,Prabhuvaina kristulo thandri,,
733,పర్వతములు తొలగిపోయినను,Parvathamulu tholagi,,
734,దేవుడు దేనికి శిల్పియును,Devudu deniki shilpiyunu,,
735,యేసు ప్రభువా నీవే,Yesu prabhuva neeve,,
736,నీవు దేనిని వెదకుచున్నావు,Neevu denini vedakuchunnaavu,,
737,యేసు నీ స్వరూపమును,Yesu nee swaroopamunu,,
738,నీ మందిరమునందు,Nee Mandiramunandu,,
739,నమ్మదగినవాడవు - నెమ్మదిని,Nammadaginavadavu  nemmadini,,
740,యెహోవానైన నేను మార్పు లేని,Yehova naina nenu marpuleni,,
741,యేసుని రాజ్యము అది నిశ్చలమైనది,Yesuni rajyamu adi nischalamainadi,,
742,స్తుతియింతుము యేసు ప్రభువా,Sthuthiyinthumu yesu prabhu,,
743,జీవమునిచ్చెద జీవాధిపతికి,Jeevamu nitcheda jeevaadhi pathiki,,
744,నా నాథుడా నాయుల్లమిచ్చితి,Naa naadhudaa naa yullamichiti,,
745,యేసూ నా సిలువన్,Yesoo naa siluvan,,
746,నా యేసు మార్గమందున,Naa yesu maargamanduna,,
747,త్రిత్వమర్మము నెరిగిన,Trithwa marmamu nerigina,,
748,దేవయాత్మ భాసురాగ్ని,Devayaatma bhasuraagni,,
749,ప్రభుని దర్శనం,Prabhuni darshanam,,
750,ప్రియ యేసుని సైన్య వీరులము,Priya Yesuni sainya veerulamu,,
751,యాజక ధర్మము నెరిగి,Yaajaka dharamamu nerigi,,
752,యేసుని నిందను భరించి,Yesuni nindanu bharinchi,,
753,యేసుని శిష్యులము యేగుదము,Yesuni shisyulamu yegudamu,,
754,యేసుక్రీస్తే సజ్జనుడు,Yesu kriste sajjanudu,,
755,మనస్సార కృతజ్ఞత లిడుచు,Manassaara kruthajnatha liduchu,,
756,ఈ జగతికి జ్యోతిని నేను,Ee jagatiki jyotini nenu,,
757,నీ సిలువే నాకు శరణు,Nee siluve naaku sharanu,,
758,నే నీవాడనై,Ne nee vaadanai,,
759,నాదు ప్రాణము ప్రభో,Naadu praanamu prabho,,
760,యేసు ప్రభో నీకు,Yesu prabho neeku,,
761,నా రక్షకుని వెంబడింతు,Naa rakshakuni vembadinthu,,
762,నా యేసు నొప్పుకొనను,Naa Yesu noppukonanu,,
763,సిల్వచెంత నేసువా,Silvachentha nesuvaa,,
764,ప్రభు యేసుని నేను,Prabhu yesuni nenu,,
765,నా సర్వమైన,Naa sarvamaina,,
766,యౌవనుడా సంతోషపడుమా,Youvanudaa santosha,,
767,క్రైస్తవ జీవితం సౌభాగ్య,Kraistava jeevitam,,
768,ఆత్మ నియమము ద్వారా - సాగి పోవుదము,Atma niyamamu dwara,,
769,పరలోకమే నా స్వాస్థ్యము,Paralokame na swasthyamu,,
770,దైవదాసులారా మీరు దీక్షతోడ రారండి,Daivadaasulara meeru dheekshathoda rarandi,,
771,యెహోవా నీ గుడారము - ప్రేమించుచున్నాను,Yehova nee gudaramu - praminchuchunanu,,
772,యౌవనుడా సంతోషపడుమా,Youvanudaa santosha paduma,,
773,మనకు జీవమైయున్న,Manaku jeevamaiyunna,,
774,నీ దేవుని సన్నిధిని,Nee devuni sannidini,,
775,సిలువే నీ గురిగా,Siluve nee gurigaa,,
776,మీరేమి వెదకుచున్నారు,Meeremi vedakuchunnaru,,
777,యౌవనులారా! మీ యౌవనములో,Youvvanulaaraa mee youvanamul,,
778,దయగల యేసు ప్రభూ,Dayagala Yesu prabhoo,,
779,ప్రభుని సేవ జేయరమ్ము,Prabhuni seva jeyarammu,,
780,హల్లెలూయ హోసన్నా,Halleluya hosanna,,
781,క్రీస్తు మిమ్ములను,Kristu mimmulanu,,
782,ఎవరు జయించెదరో,Evaru jayinchedaro,,
783,మహా దేవుండు పరిశుద్ధుడగు,Mahaa devundu,,
784,స్తోత్రం స్తోత్రము దేవాది,Stotram stotramu devadi,,
785,ప్రభువుకు తగినట్టు,Prabhuvuku thaginattu,,
786,పరమ వరుడు యేసు ప్రభువు రానై,Paramavarudu yesu prabhuvu ranai,,
787,ఒప్పకొంటివ ||,Oppukonti oppukonti - na tappidamulann,,
788,సంపూర్ణ జ్ఞానము కలిగి ఆత్మఫలము,Sampurna gnanamu kaligi atmaphalamu,,
789,ఆట పాటల చేత - అటు ఇటు తిరిగెడి,Ata patala cheta - atu itu tirigedi,,
790,దేవుని నిజప్రేమ,Devuni nija prema,,
791,గ్రంథ వాగ్దానములన్ని నావి,Grandha vaaghdhaanamulanni,,
792,ఆశ్రేష్ఠంబౌ గ్రంథములో,Ashrestambou - grandhamulo,,
793,పఠింప శ్రేష్ఠగ్రంథము బైబిల్,Patihmpa shresta,,
794,ఆనందం నా కానందం,Aanandam naa kaanandam,,
795,యేసునే స్తుతించు,Yesune stutinchu,,
796,వింతయైన యేసు రక్షకుండు,Vinthaina Yesu rakshakundu,,
797,నాదు ప్రాణమా,Naadu pranamaa,,
798,స్తుతి ఘనత మహిమ నీదే,Stuthi ghanatha mahima,,
799,హల్లె లూయ ఆ ఆ - ఆమెన్,Halleluya aa,,
800,నాకానందం కారణంబిదే,Naakaanandam kaaranambide paapa,,
801,అద్భుత శక్తికలదు రక్తములో,Adbutha shakhti kaladu,,
802,నీ జీవిత నావలో క్రీస్తును,Nee jeevitha naavalo kristunu,,
803,యేసు తీర్చె నా,Yesu theerche naa,,
804,కృపచేత రక్షించెను,Krupa chetha rakshinchenu,,
805,పోయెను పోయెను పోయెను,Poyenu poyenu poyenu,,
806,యేసుని వాక్కు నిత్యము నిల్చున్,Yesuni vaakku nityamu,,
807,నీ ధర్మ శాస్త్రములో,Nee dharma shaastramulo,,
808,ఎంత అద్భుత ధనము,Entha adbutha dhanamu,,
809,ఆయనాశ్చర్య కరుడు,Aayan aashcharya karudu,,
810,పాపమున్ దుఃఖమును,Paapamun dukkhamunu,,
811,దాగియుందు నీ ఆశ్రయమందున్,Daagi yundu nee aashrayamandun,,
812,దైవ ప్రేమ నిత్యము,Daiva prema nityamu,,
813,నిత్య దేవ జీవాత్మ నా పై,Nitya deva jeevaatma naapai,,
814,బలము నిచ్చు యేసుచే,Balamu nichchu yesuche,,
815,యెహోవా కొరకు యెదురుచూచువారు,Yehovaa koraku yeduruchuchuvaru,,
816,ఆత్మల చెంతకు నడుపు,Aatmala chentaku nadupu,,
817,,Yoodha yentho deva prasidhudavoo,,
818,చేతున్ అద్భుత మనెను,Chetun adbutha manenu,,
819,స్తుతించు నా ప్రాణమా,Stutinchu naa praanamaa,,
820,మహిమ ఘనత స్తుతి,Mahima ghanatha stuthi stotramu,,
821,ఆయన నామము ఆశ్చర్యుడు,Aayana naamamu aashcharyudu,,
822,ఆశ్చర్య మాశ్చర్య మేసు నాకు,Aashcharya maashcharya mesu naaku,,
823,నిన్న నేడు నిత్యకాల,Ninna nedu nitya kaala,,
824,ఆనందానందము - మహదానందము,Aanandaanandamu - mahadaanandamu,,
825,ఆశ్చర్య - ఆశ్చర్య - యేసు,Aashcharya aashcharya,,
826,హల్లెలూయా యేసుకు - కల్వరిపై మృతుడు,Halleluyaa Yesuku - calvarypai mrutudu,,
827,సర్వజనులారా - దేవుని,Sarva Janulara Devuni,,
828,హల్లెలూయ హోసన్నా,Halleluya Hosanna,,
829,నేడు మీరు కోరుకొనుడి,Nedu meeru koru konudi,,
830,యేసుని సన్నిధి ఎంతో ఆనందం,Yesuni sannidhi entho aanandam,,
831,"తూర్పున, పడమర",Thoorpuna padamara,,
832,నా యెదలోన్ నా యెదలోన్,Naa yedalon naa yedalon,,
833,నల్లనిది నా పాప హృదయం,Nallanidi naa paapa hrudayam,,
834,యేసు క్రీస్తు ఆయనే,Yesu kristu aayane,,
835,ఆహా ఆహా ఇదిగో మరల,Ahaa ahaa idigo marala,,
836,ఐదు రొట్టెలు చేపలు రెండు,Aidu rottelu chepalu rendu,,
837,ఓ దేవునికి మహిమ,Oh devuniki mahima,,
838,వారు గొఱ్ఱెపిల్ల రక్తమును,Vaaru gorrepilla rakhtamunu,,
839,మహాదేవుడ వీవే,Mahadevuda nive,,
840,దేవుడు చేసిన పనియైయున్నాము,Devuḍu chesina paniyaiyunnāmu,,
841,ప్రభువైన క్రీస్తుకు దాసులారా,Prabhuvaina kristuku dasulara,,
842,దేవుడు మిమ్మును ఏర్పరచుకొనెను,Devudu mimmunu yerparacukonenu,,
843,,"Devudu manalanu yerparachukonnadu, dhupambu veyutaku paricarya cheyutaku",,
844,ఆకాశమందు - నీవుండగ,Akasamandu - nivundaga,,
845,ఆనందము ప్రభు నాకొసగెను,Anandamu prabhu nakosagenu,,
846,ఆహా ఆనందమే - పరమానందమే,Aha anandame - paramanandame,,
847,ఇదిగో మనుష్యుల మధ్యన దేవాది దేవుడు,Idigo manuṣyula madhyana devadi,,
848,వర్ణింపలేను వివరింపలేను యేసయ్యా,Varnimpalenu vivarimpalenu yesayya,,
849,నా ప్రాణ ప్రియుడా - నిన్నే స్తుతింతున్,Na prana priyuda - ninne stutintun,,
850,వేవేల స్తుతులతో ఆరాధించెద ప్రభువా,Vevela stutulato aradhinceda prabhuva,,
851,మానవా మరలి రా ప్రభు చెంతకు,Manava marali ra prabhu centaku,,
854,భూదిగంతముల నివాసులారా,Bhudigantamula nivasulara,,
855,నమ్మదగిన మా దేవా పరిశుద్ధుడా,Nammadagina ma deva parisuddhuda,,
857,విజయులం - ఘన విజయులం,Vijayulam - ghana vijayulam,,
858,పొందుచున్నాము - అత్యధిక,Ponduunnamu - atyadhika,,
859,ప్రభు యేసుక్రీస్తు ఐశ్వర్యము,Prabhu yesukristu aisvaryamu,,
860,ఇదిగో ఈ మనుష్యుడు - దేవుని కుమారుడు,Idigo i manusyudu - devuni kumarudu,,
861,ఆర్భాటముతోను ప్రభావముతోను,Arbhatamutonu prabhavamutonu,,
863,పరిశుద్ధ స్థలము - అతి పరిశుద్ధ,Parisuddha sthalamu - ati parisuddha,,
864,క్రీస్తేసు ప్రభుని విశ్వాసులముగా,Kristesu prabhuni visvasulamuga,,
865,అర్పింతు ప్రభువా నా జీవితం,Arpintu prabhuva na jivitam,,
866,నమ్మదగిన దేవా - నిన్న నేడు నిరతము,Nammadagina deva - ninna nedu niratamu,,
867,దేవుని ఆశ్చర్యకార్యములను అందరు,Devuni ascaryakaryamulanu andaru,,
868,,Yee bhuvipai paraloka vinthaina,,
869,,Nannu preminchi na koraku-Church Promise,,
870,ఉజ్జీవము నిమ్ము,Ujjeevamu nimmu,,
871,గుణతీసాయములా నె పాడేదను,Gunatisayamula ne padedanu,,
